상가업소번호,상호명,지점명,상권업종대분류코드,상권업종대분류명,상권업종중분류코드,상권업종중분류명,상권업종소분류코드,상권업종소분류명,표준산업분류코드,표준산업분류명,시도코드,시도명,시군구코드,시군구명,행정동코드,행정동명,법정동코드,법정동명,지번코드,대지구분코드,대지구분명,지번본번지,지번부번지,지번주소,도로명코드,도로명,건물본번지,건물부번지,건물관리번호,건물명,도로명주소,구우편번호,신우편번호,동정보,층정보,호정보,경도,위도
MA010120220810351365,세븐일레븐가산,광진점,G2,소매,G204,종합 소매,G20405,편의점,G47122,체인화 편의점,11,서울특별시,11545,금천구,11545510,가산동,1154510100,가산동,1154510100101530007,1,대지,153.0,7.0,서울특별시 금천구 가산동 153-7,115453117003,서울특별시 금천구 가산로,89.0,,1154510100101530007015019,타운,서울특별시 금천구 가산로 89,153801,8520,,1,,126.894331859277,37.4739395351443
MA010120220800397807,세븐여의역점주,코리아,G2,소매,G204,종합 소매,G20405,편의점,G47122,체인화 편의점,11,서울특별시,11560,영등포구,11560540,여의동,1156011000,여의도동,1156011000100260000,1,대지,26.0,,서울특별시 영등포구 여의도동 26,115604154064,서울특별시 영등포구 국제금융로2길,37.0,,1156011000100260000000001,,서울특별시 영등포구 국제금융로2길 37,150879,7327,,1,,126.924285952113,37.5229412201911
MA010120220800950221,G/S25가리봉역점,,G2,소매,G204,종합 소매,G20405,편의점,G47122,체인화 편의점,11,서울특별시,11545,금천구,11545510,가산동,1154510100,가산동,1154510100100600015,1,대지,60.0,15.0,서울특별시 금천구 가산동 60-15,115453116013,서울특별시 금천구 벚꽃로,286.0,,1154510100100600015015801,리더스타워,서울특별시 금천구 벚꽃로 286,153790,8511,,1,,126.884113457788,37.4803901907794
MA010120220800932683,세븐일레븐금천,가산점,G2,소매,G204,종합 소매,G20405,편의점,G47122,체인화 편의점,11,서울특별시,11545,금천구,11545510,가산동,1154510100,가산동,1154510100101430011,1,대지,143.0,11.0,서울특별시 금천구 가산동 143-11,115453117003,서울특별시 금천구 가산로,147.0,7.0,1154510100101430011014624,,서울특별시 금천구 가산로 147-7,153801,8515,,,,126.890403059253,37.4780175288458
MA010120220814078838,세븐가산용주점,코리아,G2,소매,G204,종합 소매,G20405,편의점,G47122,체인화 편의점,11,서울특별시,11545,금천구,11545510,가산동,1154510100,가산동,1154510100102380084,1,대지,238.0,84.0,서울특별시 금천구 가산동 238-84,115454151222,서울특별시 금천구 벚꽃로24길,14.0,,1154510100102380084018118,명칭없음,서울특별시 금천구 벚꽃로24길 14,153801,8518,,1,,126.887198856285,37.4736265977163
MA010120220808163420,지에스25가산포스트6차점,,G2,소매,G204,종합 소매,G20405,편의점,G47122,체인화 편의점,11,서울특별시,11545,금천구,11545510,가산동,1154510100,가산동,1154510100100500003,1,대지,50.0,3.0,서울특별시 금천구 가산동 50-3,115453116013,서울특별시 금천구 벚꽃로,298.0,,1154510100100500003017038,대륭포스트타워6차,서울특별시 금천구 벚꽃로 298,153715,8510,,,,126.883874400754,37.4814441360817
MA010120220812030307,씨유가산승리점,,G2,소매,G204,종합 소매,G20405,편의점,G47122,체인화 편의점,11,서울특별시,11545,금천구,11545510,가산동,1154510100,가산동,1154510100105500009,1,대지,550.0,9.0,서울특별시 금천구 가산동 550-9,115453000026,서울특별시 금천구 디지털로,121.0,,1154510100105500009015661,에이스가산타워,서울특별시 금천구 디지털로 121,153803,8505,,1,,126.880095323367,37.4761334192738
MA010120220800047778,지에스25가산,V1점,G2,소매,G204,종합 소매,G20405,편의점,G47122,체인화 편의점,11,서울특별시,11545,금천구,11545510,가산동,1154510100,가산동,1154510100103710041,1,대지,371.0,41.0,서울특별시 금천구 가산동 371-41,115453117001,서울특별시 금천구 가산디지털1로,171.0,,1154510100103710041014470,가산에스케이브이원센터,서울특별시 금천구 가산디지털1로 171,153803,8503,,1,,126.880675837505,37.4807651927289
MA010120220805024451,씨유여의도,kcc점,G2,소매,G204,종합 소매,G20405,편의점,G47122,체인화 편의점,11,서울특별시,11560,영등포구,11560540,여의동,1156011000,여의도동,1156011000100130022,1,대지,13.0,22.0,서울특별시 영등포구 여의도동 13-22,115604154091,서울특별시 영등포구 국회대로72길,17.0,,1156011000100130022031692,KCC파크타운,서울특별시 영등포구 국회대로72길 17,150870,7238,,1,,126.921269900257,37.52955260209
MA010120220804285333,이마트24가산SK,V1점,G2,소매,G204,종합 소매,G20405,편의점,G47122,체인화 편의점,11,서울특별시,11545,금천구,11545510,가산동,1154510100,가산동,1154510100103710041,1,대지,371.0,41.0,서울특별시 금천구 가산동 371-41,115453117001,서울특별시 금천구 가산디지털1로,171.0,,1154510100103710041014470,가산에스케이브이원센터,서울특별시 금천구 가산디지털1로 171,153803,8503,,,,126.880675837505,37.4807651927289
MA010120220813776046,세븐일레븐가산푸르지오시티점,,G2,소매,G204,종합 소매,G20405,편의점,G47122,체인화 편의점,11,서울특별시,11545,금천구,11545510,가산동,1154510100,가산동,1154510100101390003,1,대지,139.0,3.0,서울특별시 금천구 가산동 139-3,115454151236,서울특별시 금천구 벚꽃로56길,182.0,,1154510100101390005014482,전부램킨푸르지오시티,서울특별시 금천구 벚꽃로56길 182,153801,8512,,,,126.88829774487,37.4796734136897
MA010120220804147341,세븐일레븐가산롯데IT,캐슬점,G2,소매,G204,종합 소매,G20405,편의점,G47122,체인화 편의점,11,서울특별시,11545,금천구,11545510,가산동,1154510100,가산동,1154510100105500001,1,대지,550.0,1.0,서울특별시 금천구 가산동 550-1,115453117002,서울특별시 금천구 가산디지털2로,98.0,,1154510100105500001018232,IT캐슬,서울특별시 금천구 가산디지털2로 98,153768,8506,,,,126.88105453514,37.4772336199671
MA010120220808239716,미니스톱가산노블루체점,,G2,소매,G204,종합 소매,G20405,편의점,G47122,체인화 편의점,11,서울특별시,11545,금천구,11545510,가산동,1154510100,가산동,1154510100101440005,1,대지,144.0,5.0,서울특별시 금천구 가산동 144-5,115454151005,서울특별시 금천구 가산로9길,17.0,,1154510100101440005014812,G밸리노블루체스위트,서울특별시 금천구 가산로9길 17,153801,8516,,,,126.891049245932,37.4768017640972
MA010120220801007093,세븐가산월드점주,코리아,G2,소매,G204,종합 소매,G20405,편의점,G47122,체인화 편의점,11,서울특별시,11545,금천구,11545510,가산동,1154510100,가산동,1154510100100600024,1,대지,60.0,24.0,서울특별시 금천구 가산동 60-24,115453116013,서울특별시 금천구 벚꽃로,254.0,,1154510100100600024015649,,서울특별시 금천구 벚꽃로 254,153781,8511,,,,126.885485496626,37.4777605826695
MA010120220804843774,세븐가산후지필름점,코리아,G2,소매,G204,종합 소매,G20405,편의점,G47122,체인화 편의점,11,서울특별시,11545,금천구,11545510,가산동,1154510100,가산동,1154510100107750000,1,대지,775.0,,서울특별시 금천구 가산동 775,115453117001,서울특별시 금천구 가산디지털1로,222.0,,1154510100105050019014123,한국후지필름복합주거시설,서울특별시 금천구 가산디지털1로 222,153023,8502,,1,,126.880137674654,37.4850083967523
MA010120220806612352,지에스25트윈테크점,,G2,소매,G204,종합 소매,G20405,편의점,G47122,체인화 편의점,11,서울특별시,11545,금천구,11545510,가산동,1154510100,가산동,1154510100103450009,1,대지,345.0,9.0,서울특별시 금천구 가산동 345-9,115453117001,서울특별시 금천구 가산디지털1로,119.0,,1154510100103450009014859,SK트윈테크타워,서울특별시 금천구 가산디지털1로 119,153773,8589,,,,126.882921771017,37.4760641729375
MA010120220810017377,세븐가산롯데IT캐슬점,코리아,G2,소매,G204,종합 소매,G20405,편의점,G47122,체인화 편의점,11,서울특별시,11545,금천구,11545510,가산동,1154510100,가산동,1154510100105500001,1,대지,550.0,1.0,서울특별시 금천구 가산동 550-1,115453117002,서울특별시 금천구 가산디지털2로,98.0,,1154510100105500001018232,롯데IT캐슬,서울특별시 금천구 가산디지털2로 98,153768,8506,,,,126.88105453514,37.4772336199671
MA010120220813567795,지에스25여의쌍마점,,G2,소매,G204,종합 소매,G20405,편의점,G47122,체인화 편의점,11,서울특별시,11560,영등포구,11560540,여의동,1156011000,여의도동,1156011000100240005,1,대지,24.0,5.0,서울특별시 영등포구 여의도동 24-5,115603118019,서울특별시 영등포구 여의나루로,81.0,,1156011000100240005031229,한마루빌딩,서울특별시 영등포구 여의나루로 81,150877,7327,,1,,126.927734908951,37.5243219143759
MA010120220800976841,씨유가산에스케이점,,G2,소매,G204,종합 소매,G20405,편의점,G47122,체인화 편의점,11,서울특별시,11545,금천구,11545510,가산동,1154510100,가산동,1154510100103450009,1,대지,345.0,9.0,서울특별시 금천구 가산동 345-9,115453117001,서울특별시 금천구 가산디지털1로,119.0,,1154510100103450009014859,에스케이트윈테크타워,서울특별시 금천구 가산디지털1로 119,153773,8589,,,,126.882921771017,37.4760641729375
MA010120220800896373,이마트24가산포휴점,,G2,소매,G204,종합 소매,G20405,편의점,G47122,체인화 편의점,11,서울특별시,11545,금천구,11545510,가산동,1154510100,가산동,1154510100105170004,1,대지,517.0,4.0,서울특별시 금천구 가산동 517-4,115453117001,서울특별시 금천구 가산디지털1로,225.0,,1154510100105170004014127,가산동에이스가산포휴지식산업센터,서울특별시 금천구 가산디지털1로 225,153803,8501,,1,,126.878882531706,37.4850701872932
MA010120220812212747,씨유가산뉴티,캐슬점,G2,소매,G204,종합 소매,G20405,편의점,G47122,체인화 편의점,11,서울특별시,11545,금천구,11545510,가산동,1154510100,가산동,1154510100104290001,1,대지,429.0,1.0,서울특별시 금천구 가산동 429-1,115453117002,서울특별시 금천구 가산디지털2로,108.0,,1154510100104290001000001,뉴티캐슬,서울특별시 금천구 가산디지털2로 108,153779,8506,,1,,126.880657782151,37.4778999665941
MA010120220810491380,씨유가산하이엔드6차점,,G2,소매,G204,종합 소매,G20405,편의점,G47122,체인화 편의점,11,서울특별시,11545,금천구,11545510,가산동,1154510100,가산동,1154510100100600025,1,대지,60.0,25.0,서울특별시 금천구 가산동 60-25,115453116013,서울특별시 금천구 벚꽃로,234.0,,1154510100100600025000001,에이스하이엔드타워6차,서울특별시 금천구 벚꽃로 234,153798,8513,,,,126.886132594561,37.4759952300264
MA010120220807131120,세븐일레븐여의서울점,,G2,소매,G204,종합 소매,G20405,편의점,G47122,체인화 편의점,11,서울특별시,11560,영등포구,11560540,여의동,1156011000,여의도동,1156011000100210003,1,대지,21.0,3.0,서울특별시 영등포구 여의도동 21-3,115603118019,서울특별시 영등포구 여의나루로,117.0,,1156011000100210003031196,,서울특별시 영등포구 여의나루로 117,150875,7336,,1,,126.931059070968,37.5262250159461
MA010120220805459999,이마트24가산하이엔드점,,G2,소매,G204,종합 소매,G20405,편의점,G47122,체인화 편의점,11,서울특별시,11545,금천구,11545510,가산동,1154510100,가산동,1154510100102190006,1,대지,219.0,6.0,서울특별시 금천구 가산동 219-6,115454151222,서울특별시 금천구 벚꽃로24길,26.0,,1154510100102190006015091,에이스하이엔드타워,서울특별시 금천구 벚꽃로24길 26,153801,8517,,1,,126.888814785686,37.4740876442258
MA010120220811089662,세븐여의IFC점,코리아,G2,소매,G204,종합 소매,G20405,편의점,G47122,체인화 편의점,11,서울특별시,11560,영등포구,11560540,여의동,1156011000,여의도동,1156011000100240000,1,대지,24.0,,서울특별시 영등포구 여의도동 24,115604154064,서울특별시 영등포구 국제금융로2길,7.0,,1156011000100240000031230,한주빌딩,서울특별시 영등포구 국제금융로2길 7,150877,7327,,1,,126.926829582302,37.5246457177567
MA010120220800871103,SM개발,,G2,소매,G204,종합 소매,G20405,편의점,G47122,체인화 편의점,11,서울특별시,11545,금천구,11545510,가산동,1154510100,가산동,1154510100103450030,1,대지,345.0,30.0,서울특별시 금천구 가산동 345-30,115453000026,서울특별시 금천구 디지털로,130.0,,1154510100103450030015806,에이스제9차,서울특별시 금천구 디지털로 130,153782,8589,,6,,126.88187133963,37.4754504410988
MA010120220810035196,세븐일레븐가산K1,타워점,G2,소매,G204,종합 소매,G20405,편의점,G47122,체인화 편의점,11,서울특별시,11545,금천구,11545510,가산동,1154510100,가산동,1154510100104590029,1,대지,459.0,29.0,서울특별시 금천구 가산동 459-29,115453117002,서울특별시 금천구 가산디지털2로,166.0,,1154510100104590029015722,에이스,서울특별시 금천구 가산디지털2로 166,153803,8503,,,,126.878298471617,37.4826729056771
MA010120220805535953,지에스25여의아일렉스,,G2,소매,G204,종합 소매,G20405,편의점,G47122,체인화 편의점,11,서울특별시,11560,영등포구,11560540,여의동,1156011000,여의도동,1156011000100440037,1,대지,44.0,37.0,서울특별시 영등포구 여의도동 44-37,115603118028,서울특별시 영등포구 여의대방로,375.0,,1156011000100440037031543,아일렉스타워,서울특별시 영등포구 여의대방로 375,150890,7333,,,,126.930771703825,37.5188996974936
MA010120220800741211,가산상행편의점,,G2,소매,G204,종합 소매,G20405,편의점,G47122,체인화 편의점,11,서울특별시,11545,금천구,11545510,가산동,1154510100,가산동,1154510100104640002,1,대지,464.0,2.0,서울특별시 금천구 가산동 464-2,115453116013,서울특별시 금천구 벚꽃로,309.0,,1154510100104680004015842,가산디지털단지역,서울특별시 금천구 벚꽃로 309,153803,8510,,,,126.882562648639,37.481596010993
MA010120220813237315,GS25가산디폴리스점,,G2,소매,G204,종합 소매,G20405,편의점,G47122,체인화 편의점,11,서울특별시,11545,금천구,11545510,가산동,1154510100,가산동,1154510100105430001,1,대지,543.0,1.0,서울특별시 금천구 가산동 543-1,115454151238,서울특별시 금천구 서부샛길,606.0,,1154510100104890007014247,대성디폴리스지식산업센터,서울특별시 금천구 서부샛길 606,153719,8504,,,,126.877014010558,37.479950530155
MA010120220806865263,수,,G2,소매,G204,종합 소매,G20405,편의점,G47122,체인화 편의점,11,서울특별시,11560,영등포구,11560540,여의동,1156011000,여의도동,1156011000100850001,1,대지,85.0,1.0,서울특별시 영등포구 여의도동 85-1,115603118020,서울특별시 영등포구 여의동로,280.0,,1156011000100860001000003,한강아파트,서울특별시 영등포구 여의동로 280,150897,7337,,,,126.939024388301,37.5249679940267
MA010120220805449645,세븐일레븐LDCC점,,G2,소매,G204,종합 소매,G20405,편의점,G47122,체인화 편의점,11,서울특별시,11545,금천구,11545510,가산동,1154510100,가산동,1154510100105330002,1,대지,533.0,2.0,서울특별시 금천구 가산동 533-2,115453117002,서울특별시 금천구 가산디지털2로,179.0,,1154510100105330002000001,,서울특별시 금천구 가산디지털2로 179,153705,8500,,1,,126.876521851508,37.4835991007204
MA010120220812263031,씨유가산유미어스점,,G2,소매,G204,종합 소매,G20405,편의점,G47122,체인화 편의점,11,서울특별시,11545,금천구,11545510,가산동,1154510100,가산동,1154510100105350055,1,대지,535.0,55.0,서울특별시 금천구 가산동 535-55,115453117002,서울특별시 금천구 가산디지털2로,169.0,37.0,1154510100105350055014412,,서울특별시 금천구 가산디지털2로 169-37,153803,8504,,,,126.875552618979,37.481714976627
MA010120220807936257,GS25여의도,자이점,G2,소매,G204,종합 소매,G20405,편의점,G47122,체인화 편의점,11,서울특별시,11560,영등포구,11560540,여의동,1156011000,여의도동,1156011000100470000,1,대지,47.0,,서울특별시 영등포구 여의도동 47,115604154695,서울특별시 영등포구 여의동로3길,10.0,,1156011000100470000000001,여의도자이,서울특별시 영등포구 여의동로3길 10,150918,7324,,1,,126.925195757663,37.5181214350217
MA010120220810200822,씨유가산,현대아울렛점,G2,소매,G204,종합 소매,G20405,편의점,G47122,체인화 편의점,11,서울특별시,11545,금천구,11545510,가산동,1154510100,가산동,1154510100100600008,1,대지,60.0,8.0,서울특별시 금천구 가산동 60-8,115454151192,서울특별시 금천구 디지털로10길,9.0,,1154510100100600008014606,현대시티아울렛가산점,서울특별시 금천구 디지털로10길 9,153801,8514,,7,,126.889058275638,37.4776198298383
MA010120220805537889,씨유가산대륭점,,G2,소매,G204,종합 소매,G20405,편의점,G47122,체인화 편의점,11,서울특별시,11545,금천구,11545510,가산동,1154510100,가산동,1154510100100600003,1,대지,60.0,3.0,서울특별시 금천구 가산동 60-3,115454151195,서울특별시 금천구 디지털로9길,68.0,,1154510100100600003000002,대륭포스트타워5차,서울특별시 금천구 디지털로9길 68,153702,8512,,1,,126.886407535865,37.4810771851015
MA010120220812776387,지에스25여의도현대점,,G2,소매,G204,종합 소매,G20405,편의점,G47122,체인화 편의점,11,서울특별시,11560,영등포구,11560540,여의동,1156011000,여의도동,1156011000100020002,1,대지,2.0,2.0,서울특별시 영등포구 여의도동 2-2,115603118002,서울특별시 영등포구 국제금융로,15.0,,1156011000100020002000001,파크원지하도상가,서울특별시 영등포구 국제금융로 15,150010,7335,,,,126.926840692611,37.5248529551338
MA010120220800945684,썬마트,,G2,소매,G204,종합 소매,G20405,편의점,G47122,체인화 편의점,11,서울특별시,11545,금천구,11545510,가산동,1154510100,가산동,1154510100101410008,1,대지,141.0,8.0,서울특별시 금천구 가산동 141-8,115453117003,서울특별시 금천구 가산로,148.0,,1154510100101410008015754,,서울특별시 금천구 가산로 148,153801,8527,,,,126.890865816935,37.4785495524936
MA010120220800316891,세븐여의도시범아파트점,코리아,G2,소매,G204,종합 소매,G20405,편의점,G47122,체인화 편의점,11,서울특별시,11560,영등포구,11560540,여의동,1156011000,여의도동,1156011000100500000,1,대지,50.0,,서울특별시 영등포구 여의도동 50,115603118001,서울특별시 영등포구 63로,45.0,,1156011000100500000031272,시범아파트,서울특별시 영등포구 63로 45,150761,7344,,1,,126.937851766413,37.5202641496011
MA010120220805087253,세븐LDCC점,코리아,G2,소매,G204,종합 소매,G20405,편의점,G47122,체인화 편의점,11,서울특별시,11545,금천구,11545510,가산동,1154510100,가산동,1154510100105330002,1,대지,533.0,2.0,서울특별시 금천구 가산동 533-2,115453117002,서울특별시 금천구 가산디지털2로,179.0,,1154510100105330002000001,롯데정보통신,서울특별시 금천구 가산디지털2로 179,153705,8500,,1,,126.876521851508,37.4835991007204
MA010120220800398141,세븐여의도성모병원점주,코리아,G2,소매,G204,종합 소매,G20405,편의점,G47122,체인화 편의점,11,서울특별시,11560,영등포구,11560540,여의동,1156011000,여의도동,1156011000100620000,1,대지,62.0,,서울특별시 영등포구 여의도동 62,115603118001,서울특별시 영등포구 63로,10.0,,1156011000100620000031477,여의도성모병원,서울특별시 영등포구 63로 10,150713,7345,,1,,126.936733558334,37.5182723392121
MA010120220801177551,씨유,여의도점,G2,소매,G204,종합 소매,G20405,편의점,G47122,체인화 편의점,11,서울특별시,11560,영등포구,11560540,여의동,1156011000,여의도동,1156011000100530000,1,대지,53.0,,서울특별시 영등포구 여의도동 53,115603118028,서울특별시 영등포구 여의대방로,394.0,,1156011000100530000031524,우정상가,서울특별시 영등포구 여의대방로 394,150895,7343,,,,126.932773456967,37.5193873954449
MA010120220800369082,씨유여의도역점,,G2,소매,G204,종합 소매,G20405,편의점,G47122,체인화 편의점,11,서울특별시,11560,영등포구,11560540,여의동,1156011000,여의도동,1156011000100350005,1,대지,35.0,5.0,서울특별시 영등포구 여의도동 35-5,115603118019,서울특별시 영등포구 여의나루로,42.0,,1156011000100350005031610,여의도종합상가,서울특별시 영등포구 여의나루로 42,150885,7328,,1,,126.924966167732,37.5214730201695
MA010120220806897419,씨유가산굴다리점,,G2,소매,G204,종합 소매,G20405,편의점,G47122,체인화 편의점,11,서울특별시,11545,금천구,11545510,가산동,1154510100,가산동,1154510100100320025,1,대지,32.0,25.0,서울특별시 금천구 가산동 32-25,115454151236,서울특별시 금천구 벚꽃로56길,32.0,,1154510100100320025014170,,서울특별시 금천구 벚꽃로56길 32,153800,8508,,1,,126.882512881232,37.4844972079898
MA010120220800356554,세븐일레븐여의백상점,,G2,소매,G204,종합 소매,G20405,편의점,G47122,체인화 편의점,11,서울특별시,11560,영등포구,11560540,여의동,1156011000,여의도동,1156011000100350002,1,대지,35.0,2.0,서울특별시 영등포구 여의도동 35-2,115604154065,서울특별시 영등포구 국제금융로6길,30.0,,1156011000100350002031380,백상빌딩,서울특별시 영등포구 국제금융로6길 30,150885,7328,,,,126.926606197406,37.5217173213898
MA010120220800965666,GS25벽산밸리점,,G2,소매,G204,종합 소매,G20405,편의점,G47122,체인화 편의점,11,서울특별시,11545,금천구,11545510,가산동,1154510100,가산동,1154510100104810010,1,대지,481.0,10.0,서울특별시 금천구 가산동 481-10,115453117002,서울특별시 금천구 가산디지털2로,184.0,,1154510100104810010015811,벽산디지털밸리2차,서울특별시 금천구 가산디지털2로 184,153783,8501,,,,126.878092410576,37.4842404473754
MA010120220800851192,세븐여의１호점주,코리아,G2,소매,G204,종합 소매,G20405,편의점,G47122,체인화 편의점,11,서울특별시,11560,영등포구,11560540,여의동,1156011000,여의도동,1156011000100410001,1,대지,41.0,1.0,서울특별시 영등포구 여의도동 41-1,115604154066,서울특별시 영등포구 국제금융로7길,22.0,,1156011000100410001031304,대교비상가,서울특별시 영등포구 국제금융로7길 22,150889,7340,,,,126.933075433431,37.5232438585187
MA010120220813784905,지에스25여의,한화점,G2,소매,G204,종합 소매,G20405,편의점,G47122,체인화 편의점,11,서울특별시,11560,영등포구,11560540,여의동,1156011000,여의도동,1156011000100230005,1,대지,23.0,5.0,서울특별시 영등포구 여의도동 23-5,115602118001,서울특별시 영등포구 여의대로,56.0,,1156011000100230005031185,,서울특별시 영등포구 여의대로 56,150717,7325,,1,,126.92290470653,37.5240395494859
MA010120220803008028,지에스25가산프리미어점,,G2,소매,G204,종합 소매,G20405,편의점,G47122,체인화 편의점,11,서울특별시,11545,금천구,11545510,가산동,1154510100,가산동,1154510100103450050,1,대지,345.0,50.0,서울특별시 금천구 가산동 345-50,115453117001,서울특별시 금천구 가산디지털1로,88.0,,1154510100103450050000001,IT프리미어타워,서울특별시 금천구 가산디지털1로 88,153707,8590,,1,,126.885457492953,37.473886215321
MA010120220806459541,세븐일레븐독산역점,,G2,소매,G204,종합 소매,G20405,편의점,G47122,체인화 편의점,11,서울특별시,11545,금천구,11545510,가산동,1154510100,가산동,1154510100107150000,1,대지,715.0,,서울특별시 금천구 가산동 715,115453000027,서울특별시 금천구 범안로,1138.0,,1154510100107150000015652,고려테크온,서울특별시 금천구 범안로 1138,153803,8595,,1,,126.888386214841,37.4657979456725
MA010120220800976815,씨유가산세일,,G2,소매,G204,종합 소매,G20405,편의점,G47122,체인화 편의점,11,서울특별시,11545,금천구,11545510,가산동,1154510100,가산동,1154510100101490019,1,대지,149.0,19.0,서울특별시 금천구 가산동 149-19,115454151279,서울특별시 금천구 시흥대로149길,60.0,,1154510100101490019015504,,서울특별시 금천구 시흥대로149길 60,153801,8532,,,,126.894737386657,37.4749760581768
MA010120220800961840,씨유가산승일점,,G2,소매,G204,종합 소매,G20405,편의점,G47122,체인화 편의점,11,서울특별시,11545,금천구,11545510,가산동,1154510100,가산동,1154510100103710042,1,대지,371.0,42.0,서울특별시 금천구 가산동 371-42,115453117002,서울특별시 금천구 가산디지털2로,136.0,,1154510100106160018000001,승일벤처타워,서울특별시 금천구 가산디지털2로 136,153803,8503,,,,126.87967066931,37.4800974269654
MA010120220800349545,GS25여의서린,,G2,소매,G204,종합 소매,G20405,편의점,G47122,체인화 편의점,11,서울특별시,11560,영등포구,11560540,여의동,1156011000,여의도동,1156011000100450015,1,대지,45.0,15.0,서울특별시 영등포구 여의도동 45-15,115604154685,서울특별시 영등포구 여의대방로65길,17.0,,1156011000100450019031482,서린빌딩,서울특별시 영등포구 여의대방로65길 17,150891,7332,,,,126.929221186522,37.5197457213341
MA010120220807127732,GS25교직원공제회점,,G2,소매,G204,종합 소매,G20405,편의점,G47419,기타 의복 소매업,11,서울특별시,11560,영등포구,11560540,여의동,1156011000,여의도동,1156011000100350003,1,대지,35.0,3.0,서울특별시 영등포구 여의도동 35-3,115603118019,서울특별시 영등포구 여의나루로,50.0,,1156011000100350003031362,,서울특별시 영등포구 여의나루로 50,150704,7328,,,,126.92565588965,37.521797817273
MA010120220806501796,세븐일레븐가산후지필름점,,G2,소매,G204,종합 소매,G20405,편의점,G47122,체인화 편의점,11,서울특별시,11545,금천구,11545510,가산동,1154510100,가산동,1154510100107750000,1,대지,775.0,,서울특별시 금천구 가산동 775,115453117001,서울특별시 금천구 가산디지털1로,222.0,,1154510100105050019014123,한국후지필름복합주거시설,서울특별시 금천구 가산디지털1로 222,153023,8502,,1,,126.880137674654,37.4850083967523
MA010120220800351066,GS25여의,서부점,G2,소매,G204,종합 소매,G20405,편의점,G47122,체인화 편의점,11,서울특별시,11560,영등포구,11560540,여의동,1156011000,여의도동,1156011000100170010,1,대지,17.0,10.0,서울특별시 영등포구 여의도동 17-10,115604154087,서울특별시 영등포구 국회대로62길,25.0,,1156011000100170010037276,인켈빌딩,서울특별시 영등포구 국회대로62길 25,150874,7236,,,,126.917709719245,37.5263245893142
MA010120220810597954,지에스25가산하이엔드점(금천시니어클럽),,G2,소매,G204,종합 소매,G20405,편의점,G47122,체인화 편의점,11,서울특별시,11545,금천구,11545510,가산동,1154510100,가산동,1154510100104810002,1,대지,481.0,2.0,서울특별시 금천구 가산동 481-2,115453117001,서울특별시 금천구 가산디지털1로,233.0,,1154510100104810002015573,에이스하이엔드타워9차,서울특별시 금천구 가산디지털1로 233,153803,8501,,,,126.87828212258,37.4857813664521
MA010120220805965544,세븐일레븐가산한신아이티점,,G2,소매,G204,종합 소매,G20405,편의점,G47122,체인화 편의점,11,서울특별시,11545,금천구,11545510,가산동,1154510100,가산동,1154510100100600018,1,대지,60.0,18.0,서울특별시 금천구 가산동 60-18,115454151195,서울특별시 금천구 디지털로9길,47.0,,1154510100100600018015800,한신IT타워2차,서울특별시 금천구 디지털로9길 47,153712,8511,,,,126.885799297118,37.4795719143055
MA010120220807834634,비지에프휴먼넷여의도선착장,2호점,G2,소매,G204,종합 소매,G20405,편의점,G47122,체인화 편의점,11,서울특별시,11560,영등포구,11560540,여의동,1156011000,여의도동,1156011000100850001,1,대지,85.0,1.0,서울특별시 영등포구 여의도동 85-1,115603118020,서울특별시 영등포구 여의동로,280.0,,1156011000100860001000003,한강유람선,서울특별시 영등포구 여의동로 280,150897,7337,,,,126.939024388301,37.5249679940267
MA010120220803228564,스마트플랫,,G2,소매,G204,종합 소매,G20405,편의점,G47122,체인화 편의점,11,서울특별시,11545,금천구,11545510,가산동,1154510100,가산동,1154510100103710037,1,대지,371.0,37.0,서울특별시 금천구 가산동 371-37,115453117001,서울특별시 금천구 가산디지털1로,128.0,,1154510100103710037000001,에스티엑스브이타워,서울특별시 금천구 가산디지털1로 128,153795,8507,,3,,126.883700023753,37.4772362534816
MA010120220800962158,GS25가산세진,,G2,소매,G204,종합 소매,G20405,편의점,G47122,체인화 편의점,11,서울특별시,11545,금천구,11545510,가산동,1154510100,가산동,1154510100100600019,1,대지,60.0,19.0,서울특별시 금천구 가산동 60-19,115453116013,서울특별시 금천구 벚꽃로,278.0,,1154510100100600019015803,세진테크노빌,서울특별시 금천구 벚꽃로 278,153769,8511,,,,126.884634904349,37.4794987024418
MA010120220800088204,세븐일레븐여의홍우점,,G2,소매,G204,종합 소매,G20405,편의점,G47122,체인화 편의점,11,서울특별시,11560,영등포구,11560540,여의동,1156011000,여의도동,1156011000100430003,1,대지,43.0,3.0,서울특별시 영등포구 여의도동 43-3,115603118002,서울특별시 영등포구 국제금융로,78.0,,1156011000100430003031439,홍우빌딩,서울특별시 영등포구 국제금융로 78,150889,7333,,1,,126.931301549666,37.5208732032459
MA010120220809781856,미니스톱가산월드점,,G2,소매,G204,종합 소매,G20405,편의점,G47122,체인화 편의점,11,서울특별시,11545,금천구,11545510,가산동,1154510100,가산동,1154510100104260005,1,대지,426.0,5.0,서울특별시 금천구 가산동 426-5,115453117002,서울특별시 금천구 가산디지털2로,123.0,,1154510100104260005015797,월드메르디앙2차,서울특별시 금천구 가산디지털2로 123,153759,8505,,1,,126.87871187824,37.4787269133436
MA010120220802905718,세븐일레븐여의,3호점,G2,소매,G204,종합 소매,G20405,편의점,G47122,체인화 편의점,11,서울특별시,11560,영등포구,11560540,여의동,1156011000,여의도동,1156011000100130021,1,대지,13.0,21.0,서울특별시 영등포구 여의도동 13-21,115604154092,서울특별시 영등포구 국회대로74길,20.0,,1156011000100130021037283,,서울특별시 영등포구 국회대로74길 20,150870,7238,,1,,126.921552688369,37.5295978403373
MA010120220800959618,GS25가산,스타점,G2,소매,G204,종합 소매,G20405,편의점,G47122,체인화 편의점,11,서울특별시,11545,금천구,11545510,가산동,1154510100,가산동,1154510100100600011,1,대지,60.0,11.0,서울특별시 금천구 가산동 60-11,115454151195,서울특별시 금천구 디지털로9길,99.0,,1154510100100600011016763,스타밸리,서울특별시 금천구 디지털로9길 99,153777,8510,,,,126.884812450919,37.4816793165142
MA010120220803945380,이마트24가산GBC점,,G2,소매,G204,종합 소매,G20405,편의점,G47122,체인화 편의점,11,서울특별시,11545,금천구,11545510,가산동,1154510100,가산동,1154510100103710006,1,대지,371.0,6.0,서울특별시 금천구 가산동 371-6,115453117001,서울특별시 금천구 가산디지털1로,165.0,,1154510100103710006000001,C,서울특별시 금천구 가산디지털1로 165,153803,8503,,,,126.881027181808,37.4802249418721
MA010120220800397675,세븐S여의나루역점주,코리아,G2,소매,G204,종합 소매,G20405,편의점,G47122,체인화 편의점,11,서울특별시,11560,영등포구,11560540,여의동,1156011000,여의도동,1156011000100850001,1,대지,85.0,1.0,서울특별시 영등포구 여의도동 85-1,115603118020,서울특별시 영등포구 여의동로,280.0,,1156011000100860001000003,,서울특별시 영등포구 여의동로 280,150897,7337,,B1,,126.939024388301,37.5249679940267
MA010120220804947811,지에스25동여의점,,G2,소매,G204,종합 소매,G20405,편의점,G47122,체인화 편의점,11,서울특별시,11560,영등포구,11560540,여의동,1156011000,여의도동,1156011000100450013,1,대지,45.0,13.0,서울특별시 영등포구 여의도동 45-13,115604154685,서울특별시 영등포구 여의대방로65길,23.0,,1156011000100450017031686,포레스텔빌딩,서울특별시 영등포구 여의대방로65길 23,150979,7332,,,,126.928802276885,37.5201329008022
MA010120220806654589,이마트24현대카드1관점,,G2,소매,G204,종합 소매,G20405,편의점,G47122,체인화 편의점,11,서울특별시,11560,영등포구,11560540,여의동,1156011000,여의도동,1156011000100150021,1,대지,15.0,21.0,서울특별시 영등포구 여의도동 15-21,115602118002,서울특별시 영등포구 의사당대로,3.0,,1156011000100150021037277,,서울특별시 영등포구 의사당대로 3,150706,7237,,1,,126.918136548196,37.5291270010603
MA010120220800397503,세븐여의３호점주,코리아,G2,소매,G204,종합 소매,G20405,편의점,G47122,체인화 편의점,11,서울특별시,11560,영등포구,11560540,여의동,1156011000,여의도동,1156011000100130021,1,대지,13.0,21.0,서울특별시 영등포구 여의도동 13-21,115604154092,서울특별시 영등포구 국회대로74길,20.0,,1156011000100130021037283,,서울특별시 영등포구 국회대로74길 20,150870,7238,,,,126.921552688369,37.5295978403373
MA010120220806182058,지에스25금천패션,,G2,소매,G204,종합 소매,G20405,편의점,G47122,체인화 편의점,11,서울특별시,11545,금천구,11545510,가산동,1154510100,가산동,1154510100100600021,1,대지,60.0,21.0,서울특별시 금천구 가산동 60-21,115454151195,서울특별시 금천구 디지털로9길,33.0,,1154510100100600021000001,아이티타워,서울특별시 금천구 디지털로9길 33,153760,8511,,,,126.886026399608,37.4789234072308
MA010120220813713643,코리아세븐가산드림,타워점,G2,소매,G204,종합 소매,G20405,편의점,G47122,체인화 편의점,11,서울특별시,11545,금천구,11545510,가산동,1154510100,가산동,1154510100103450043,1,대지,345.0,43.0,서울특별시 금천구 가산동 345-43,115453117002,서울특별시 금천구 가산디지털2로,35.0,,1154510100103450043015336,,서울특별시 금천구 가산디지털2로 35,153802,8593,,,,126.882329835069,37.4714414054776
MA010120220812408385,지에스25여의,파이낸스점,G2,소매,G204,종합 소매,G20405,편의점,G47122,체인화 편의점,11,서울특별시,11560,영등포구,11560540,여의동,1156011000,여의도동,1156011000100230008,1,대지,23.0,8.0,서울특별시 영등포구 여의도동 23-8,115604154064,서울특별시 영등포구 국제금융로2길,32.0,,1156011000100230008031263,여의도파이낸스타워,서울특별시 영등포구 국제금융로2길 32,150707,7325,,B1,,126.924137960189,37.523860147615
MA010120220813747527,GS25가산,태양점,G2,소매,G204,종합 소매,G20405,편의점,G47122,체인화 편의점,11,서울특별시,11545,금천구,11545510,가산동,1154510100,가산동,1154510100101490027,1,대지,149.0,27.0,서울특별시 금천구 가산동 149-27,115454151284,서울특별시 금천구 시흥대로153길,89.0,,1154510100101490027014867,,서울특별시 금천구 시흥대로153길 89,153801,8532,,1,,126.893786132914,37.4761194889374
MA010120220808842954,지에스25여의KTB,,G2,소매,G204,종합 소매,G20405,편의점,G47122,체인화 편의점,11,서울특별시,11560,영등포구,11560540,여의동,1156011000,여의도동,1156011000100230003,1,대지,23.0,3.0,서울특별시 영등포구 여의도동 23-3,115602118001,서울특별시 영등포구 여의대로,66.0,,1156011000100230003037288,KTB,서울특별시 영등포구 여의대로 66,150709,7325,,1,,126.923707385885,37.5245446319493
MA010120220802662213,세븐가산한신아이티점,코리아,G2,소매,G204,종합 소매,G20405,편의점,G47122,체인화 편의점,11,서울특별시,11545,금천구,11545510,가산동,1154510100,가산동,1154510100100600018,1,대지,60.0,18.0,서울특별시 금천구 가산동 60-18,115454151195,서울특별시 금천구 디지털로9길,47.0,,1154510100100600018015800,한신아이티타워2차,서울특별시 금천구 디지털로9길 47,153712,8511,,,,126.885799297118,37.4795719143055
MA010120220802975150,케이프리젠트컴퍼니,,G2,소매,G204,종합 소매,G20405,편의점,G47122,체인화 편의점,11,서울특별시,11560,영등포구,11560540,여의동,1156011000,여의도동,1156011000100230000,1,대지,23.0,,서울특별시 영등포구 여의도동 23,115603118002,서울특별시 영등포구 국제금융로,10.0,,1156011000100230000000001,서울국제금융센터,서울특별시 영등포구 국제금융로 10,150945,7326,,2,,126.924883260731,37.5251850971787
MA010120220813327244,미니스톱여의도공원점,,G2,소매,G204,종합 소매,G20405,편의점,G47122,체인화 편의점,11,서울특별시,11560,영등포구,11560540,여의동,1156011000,여의도동,1156011000100020000,1,대지,2.0,,서울특별시 영등포구 여의도동 2,115603118018,서울특별시 영등포구 여의공원로,68.0,,1156011000100020000000003,,서울특별시 영등포구 여의공원로 68,150010,7243,,,,126.92229095813,37.5268052234685
MA010120220800868552,지에스25금천타운점,,G2,소매,G204,종합 소매,G20405,편의점,G47122,체인화 편의점,11,서울특별시,11545,금천구,11545510,가산동,1154510100,가산동,1154510100104940004,1,대지,494.0,4.0,서울특별시 금천구 가산동 494-4,115453117002,서울특별시 금천구 가산디지털2로,169.0,31.0,1154510100104940004000002,,서울특별시 금천구 가산디지털2로 169-31,153803,8504,,,,126.876253186032,37.4819679947793
MA010120220813032931,지에스25여의태흥점,,G2,소매,G204,종합 소매,G20405,편의점,G47122,체인화 편의점,11,서울특별시,11560,영등포구,11560540,여의동,1156011000,여의도동,1156011000100170003,1,대지,17.0,3.0,서울특별시 영등포구 여의도동 17-3,115602118002,서울특별시 영등포구 의사당대로,8.0,,1156011000100170003031045,태흥빌딩,서울특별시 영등포구 의사당대로 8,150874,7236,,1,,126.916904782729,37.5278737487068
MA010120220805399543,세븐일레븐여의아이비피아점,,G2,소매,G204,종합 소매,G20405,편의점,G47122,체인화 편의점,11,서울특별시,11560,영등포구,11560540,여의동,1156011000,여의도동,1156011000100140003,1,대지,14.0,3.0,서울특별시 영등포구 여의도동 14-3,115604154091,서울특별시 영등포구 국회대로72길,4.0,,1156011000100140003031680,,서울특별시 영등포구 국회대로72길 4,150871,7238,,1,,126.919922766304,37.5303355675046
MA010120220800289564,씨유가산센트럴,푸르지오점,G2,소매,G204,종합 소매,G20405,편의점,G47122,체인화 편의점,11,서울특별시,11545,금천구,11545510,가산동,1154510100,가산동,1154510100102330005,1,대지,233.0,5.0,서울특별시 금천구 가산동 233-5,115454151192,서울특별시 금천구 디지털로10길,69.0,,1154510100102330005015498,가산센트럴푸르지오시티,서울특별시 금천구 디지털로10길 69,153801,8516,,,,126.890847936311,37.4752968926736
MA010120220807389581,씨유가산,두산점,G2,소매,G204,종합 소매,G20405,편의점,G47122,체인화 편의점,11,서울특별시,11545,금천구,11545510,가산동,1154510100,가산동,1154510100102360008,1,대지,236.0,8.0,서울특별시 금천구 가산동 236-8,115454151003,서울특별시 금천구 가산로5길,46.0,,1154510100102360008015628,,서울특별시 금천구 가산로5길 46,153801,8520,,1,,126.891980727464,37.4737211668739
MA010120220806741555,세븐일레븐가산,에이스점,G2,소매,G204,종합 소매,G20405,편의점,G47122,체인화 편의점,11,서울특별시,11545,금천구,11545510,가산동,1154510100,가산동,1154510100103710050,1,대지,371.0,50.0,서울특별시 금천구 가산동 371-50,115453117001,서울특별시 금천구 가산디지털1로,145.0,,1154510100103710050000001,에이스하이엔드타워3차,서울특별시 금천구 가산디지털1로 145,153787,8506,,1,,126.88159572103,37.4781712129141
MA010120220800690200,씨유여의국회,정문점,G2,소매,G204,종합 소매,G20405,편의점,G47122,체인화 편의점,11,서울특별시,11560,영등포구,11560540,여의동,1156011000,여의도동,1156011000100170001,1,대지,17.0,1.0,서울특별시 영등포구 여의도동 17-1,115602005008,서울특별시 영등포구 국회대로,750.0,,1156011000100170001031127,금산빌딩,서울특별시 영등포구 국회대로 750,150727,7236,,1,,126.916440501085,37.5282698618285
MA010120220800647319,세븐마켓,,G2,소매,G204,종합 소매,G20405,편의점,G47122,체인화 편의점,11,서울특별시,11545,금천구,11545510,가산동,1154510100,가산동,1154510100103710037,1,대지,371.0,37.0,서울특별시 금천구 가산동 371-37,115453117001,서울특별시 금천구 가산디지털1로,128.0,,1154510100103710037000001,STXV타워,서울특별시 금천구 가산디지털1로 128,153795,8507,,1,,126.883700023753,37.4772362534816
MA010120220800241627,세븐여의아일렉스점,코리아,G2,소매,G204,종합 소매,G20405,편의점,G47122,체인화 편의점,11,서울특별시,11560,영등포구,11560540,여의동,1156011000,여의도동,1156011000100370000,1,대지,37.0,,서울특별시 영등포구 여의도동 37,115602118002,서울특별시 영등포구 의사당대로,108.0,,1156011000100370000031429,미성,서울특별시 영등포구 의사당대로 108,150795,7322,,1,,126.923993785308,37.5210128870586
MA010120220810256754,비지에프휴먼넷여의도선착장,1호점,G2,소매,G204,종합 소매,G20405,편의점,G47122,체인화 편의점,11,서울특별시,11560,영등포구,11560540,여의동,1156011000,여의도동,1156011000100850001,1,대지,85.0,1.0,서울특별시 영등포구 여의도동 85-1,115603118020,서울특별시 영등포구 여의동로,280.0,,1156011000100860001000003,여의도,서울특별시 영등포구 여의동로 280,150897,7337,,,,126.939024388301,37.5249679940267
MA010120220800397719,에스제이오일여의도주유소주,,G2,소매,G204,종합 소매,G20405,편의점,G47122,체인화 편의점,11,서울특별시,11560,영등포구,11560540,여의동,1156011000,여의도동,1156011000100100001,1,대지,10.0,1.0,서울특별시 영등포구 여의도동 10-1,115603118025,서울특별시 영등포구 은행로,64.0,,1156011000100100001031167,,서울특별시 영등포구 은행로 64,150868,7241,,,,126.925579495789,37.5303753076161
MA010120220805027332,씨유가산디지털단지역점,,G2,소매,G204,종합 소매,G20405,편의점,G47122,체인화 편의점,11,서울특별시,11545,금천구,11545510,가산동,1154510100,가산동,1154510100104590011,1,대지,459.0,11.0,서울특별시 금천구 가산동 459-11,115453117001,서울특별시 금천구 가산디지털1로,186.0,,1154510100104590011000001,제이플라츠,서울특별시 금천구 가산디지털1로 186,153792,8502,,1,,126.881578500485,37.4819193917329
MA010120220806684991,이마트24SELF현대카드,3관점,G2,소매,G204,종합 소매,G20405,편의점,G47122,체인화 편의점,11,서울특별시,11560,영등포구,11560540,여의동,1156011000,여의도동,1156011000100170007,1,대지,17.0,7.0,서울특별시 영등포구 여의도동 17-7,115602118002,서울특별시 영등포구 의사당대로,18.0,,1156011000100170007031596,,서울특별시 영등포구 의사당대로 18,150874,7236,,1,,126.91753915264,37.5271173519277
MA010120220812727564,지에스25트윈,타워점,G2,소매,G204,종합 소매,G20405,편의점,G47122,체인화 편의점,11,서울특별시,11560,영등포구,11560540,여의동,1156011000,여의도동,1156011000100200000,1,대지,20.0,,서울특별시 영등포구 여의도동 20,115602118001,서울특별시 영등포구 여의대로,128.0,,1156011000100200000031046,LG트윈타워,서울특별시 영등포구 여의대로 128,150721,7336,,1,,126.929236083678,37.5279268311586
MA010120220800355653,한강파라다이스,,G2,소매,G204,종합 소매,G20405,편의점,G47122,체인화 편의점,11,서울특별시,11560,영등포구,11560540,여의동,1156011000,여의도동,1156011000100860000,1,대지,86.0,,서울특별시 영등포구 여의도동 86,115603118020,서울특별시 영등포구 여의동로,252.0,,1156011000100860000000001,한강둔치,서울특별시 영등포구 여의동로 252,150897,7346,,,,126.941582728924,37.5228339115734
MA010120220810092771,씨유대륭19차,,G2,소매,G204,종합 소매,G20405,편의점,G47122,체인화 편의점,11,서울특별시,11545,금천구,11545510,가산동,1154510100,가산동,1154510100103450029,1,대지,345.0,29.0,서울특별시 금천구 가산동 345-29,115453117002,서울특별시 금천구 가산디지털2로,70.0,,1154510100103450029000004,대륭테크노타운19차,서울특별시 금천구 가산디지털2로 70,153802,8589,,1,,126.882347331925,37.4747030781747
MA010120220800362787,GS25여의성우,,G2,소매,G204,종합 소매,G20405,편의점,G47122,체인화 편의점,11,서울특별시,11560,영등포구,11560540,여의동,1156011000,여의도동,1156011000100150012,1,대지,15.0,12.0,서울특별시 영등포구 여의도동 15-12,115604154088,서울특별시 영등포구 국회대로66길,17.0,,1156011000100150012031119,성우빌딩,서울특별시 영등포구 국회대로66길 17,150872,7237,,1,,126.919449535879,37.5285332428985
MA010120220800397913,씨앤에이치여의도메리어트지점,,G2,소매,G204,종합 소매,G20405,편의점,G47122,체인화 편의점,11,서울특별시,11560,영등포구,11560540,여의동,1156011000,여의도동,1156011000100280003,1,대지,28.0,3.0,서울특별시 영등포구 여의도동 28-3,115602118001,서울특별시 영등포구 여의대로,8.0,,1156011000100280003000001,메리어트파크센터,서울특별시 영등포구 여의대로 8,150881,7320,,1,,126.918575053742,37.5212165062978
MA010120220800365990,세븐일레븐전경련회관점,,G2,소매,G204,종합 소매,G20405,편의점,G47122,체인화 편의점,11,서울특별시,11560,영등포구,11560540,여의동,1156011000,여의도동,1156011000100280001,1,대지,28.0,1.0,서울특별시 영등포구 여의도동 28-1,115602118001,서울특별시 영등포구 여의대로,24.0,,1156011000100280001000001,전경련신축회관,서울특별시 영등포구 여의대로 24,150756,7320,,,,126.919908857212,37.5221814910512
MA010120220800978584,씨유,가산디지털점,G2,소매,G204,종합 소매,G20405,편의점,G47122,체인화 편의점,11,서울특별시,11545,금천구,11545510,가산동,1154510100,가산동,1154510100101400002,1,대지,140.0,2.0,서울특별시 금천구 가산동 140-2,115453117003,서울특별시 금천구 가산로,157.0,,1154510100101400002018113,,서울특별시 금천구 가산로 157,153801,8515,,1,,126.889904117951,37.4790352051357
MA010120220804792467,세븐일레븐가산리즌밸리점,,G2,소매,G204,종합 소매,G20405,편의점,G47122,체인화 편의점,11,서울특별시,11545,금천구,11545510,가산동,1154510100,가산동,1154510100100600046,1,대지,60.0,46.0,서울특별시 금천구 가산동 60-46,115454151005,서울특별시 금천구 가산로9길,66.0,,1154510100100600046015688,더리즌밸리지식산업센터,서울특별시 금천구 가산로9길 66,153801,8513,,,,126.888348330488,37.4760694252599
MA010120220800964187,지에스25가산엘지점,,G2,소매,G204,종합 소매,G20405,편의점,G47122,체인화 편의점,11,서울특별시,11545,금천구,11545510,가산동,1154510100,가산동,1154510100103270023,1,대지,327.0,23.0,서울특별시 금천구 가산동 327-23,115453117001,서울특별시 금천구 가산디지털1로,51.0,,1154510100103190015015714,,서울특별시 금천구 가산디지털1로 51,153802,8592,,,,126.885122727998,37.4710206789723
MA010120220800963158,GS25금천우림점,,G2,소매,G204,종합 소매,G20405,편의점,G47122,체인화 편의점,11,서울특별시,11545,금천구,11545510,가산동,1154510100,가산동,1154510100103710028,1,대지,371.0,28.0,서울특별시 금천구 가산동 371-28,115453117001,서울특별시 금천구 가산디지털1로,168.0,,1154510100103710028015795,외,서울특별시 금천구 가산디지털1로 168,153786,8507,,1,,126.882644342333,37.479965266654
MA010120220802784247,씨유대륭승리점,,G2,소매,G204,종합 소매,G20405,편의점,G47122,체인화 편의점,11,서울특별시,11545,금천구,11545510,가산동,1154510100,가산동,1154510100106910000,1,대지,691.0,,서울특별시 금천구 가산동 691,115453117001,서울특별시 금천구 가산디지털1로,5.0,,1154510100106910000017244,대륭테크노타운20차,서울특별시 금천구 가산디지털1로 5,153803,8594,,1,,126.886711826909,37.4667424136814
MA010120220812058543,씨유뉴금천,가산점,G2,소매,G204,종합 소매,G20405,편의점,G47122,체인화 편의점,11,서울특별시,11545,금천구,11545510,가산동,1154510100,가산동,1154510100101460016,1,대지,146.0,16.0,서울특별시 금천구 가산동 146-16,115454151039,서울특별시 금천구 남부순환로112길,32.0,,1154510100101460016018192,,서울특별시 금천구 남부순환로112길 32,153801,8528,,1,,126.894224971399,37.4775885276949
MA010120220808625778,가산맞이방스토리웨이,,G2,소매,G204,종합 소매,G20405,편의점,G47122,체인화 편의점,11,서울특별시,11545,금천구,11545510,가산동,1154510100,가산동,1154510100104680004,1,대지,468.0,4.0,서울특별시 금천구 가산동 468-4,115453116013,서울특별시 금천구 벚꽃로,309.0,,1154510100104680004015842,가산디지털단지역구내,서울특별시 금천구 벚꽃로 309,153803,8510,,,,126.882562648639,37.481596010993
MA010120220810026619,지에스25여의월드점,,G2,소매,G204,종합 소매,G20405,편의점,G47122,체인화 편의점,11,서울특별시,11560,영등포구,11560540,여의동,1156011000,여의도동,1156011000100540006,1,대지,54.0,6.0,서울특별시 영등포구 여의도동 54-6,115604154687,서울특별시 영등포구 여의대방로68길,15.0,,1156011000100540006031578,,서울특별시 영등포구 여의대방로68길 15,150895,7343,,,,126.932876539075,37.5179638691603
MA010120220802287744,세븐여의백상점,코리아,G2,소매,G204,종합 소매,G20405,편의점,G47122,체인화 편의점,11,서울특별시,11560,영등포구,11560540,여의동,1156011000,여의도동,1156011000100350002,1,대지,35.0,2.0,서울특별시 영등포구 여의도동 35-2,115604154065,서울특별시 영등포구 국제금융로6길,30.0,,1156011000100350002031380,백상빌딩,서울특별시 영등포구 국제금융로6길 30,150885,7328,,,,126.926606197406,37.5217173213898
MA010120220804454362,씨유KCC웰츠밸리점,,G2,소매,G204,종합 소매,G20405,편의점,G47129,기타 음ㆍ식료품 위주 종합 소매업,11,서울특별시,11545,금천구,11545510,가산동,1154510100,가산동,1154510100104700008,1,대지,470.0,8.0,서울특별시 금천구 가산동 470-8,115453117001,서울특별시 금천구 가산디지털1로,205.0,,1154510100104700008015695,호,서울특별시 금천구 가산디지털1로 205,153710,8501,,,,126.879574061773,37.4839356241274
MA010120220800986196,GS25가산하이힐점,,G2,소매,G204,종합 소매,G20405,편의점,G47122,체인화 편의점,11,서울특별시,11545,금천구,11545510,가산동,1154510100,가산동,1154510100101430044,1,대지,143.0,44.0,서울특별시 금천구 가산동 143-44,115454151194,서울특별시 금천구 디지털로12길,21.0,,1154510100101430045014294,,서울특별시 금천구 디지털로12길 21,153801,8515,,,,126.889872091408,37.4777467324291
MA010120220800975175,뚜레쥬르빨라쪼CU가산디폴리스점,,G2,소매,G204,종합 소매,G20405,편의점,G47122,체인화 편의점,11,서울특별시,11545,금천구,11545510,가산동,1154510100,가산동,1154510100105430001,1,대지,543.0,1.0,서울특별시 금천구 가산동 543-1,115454151238,서울특별시 금천구 서부샛길,606.0,,1154510100104890007014247,가산동대성,서울특별시 금천구 서부샛길 606,153719,8504,,,,126.877014010558,37.479950530155
MA010120220800398215,세븐전경련회관점주,코리아,G2,소매,G204,종합 소매,G20405,편의점,G47122,체인화 편의점,11,서울특별시,11560,영등포구,11560540,여의동,1156011000,여의도동,1156011000100280001,1,대지,28.0,1.0,서울특별시 영등포구 여의도동 28-1,115602118001,서울특별시 영등포구 여의대로,24.0,,1156011000100280001000001,전경련신축회관,서울특별시 영등포구 여의대로 24,150756,7320,,,,126.919908857212,37.5221814910512
MA010120220811929017,씨유비즈메트로,2차점,G2,소매,G204,종합 소매,G20405,편의점,G47122,체인화 편의점,11,서울특별시,11545,금천구,11545510,가산동,1154510100,가산동,1154510100105540002,1,대지,554.0,2.0,서울특별시 금천구 가산동 554-2,115453117002,서울특별시 금천구 가산디지털2로,43.0,14.0,1154510100105540002015294,,서울특별시 금천구 가산디지털2로 43-14,153803,8588,,,,126.881548237097,37.472440745561
MA010120220800115113,지에스25S가산디지털역점,,G2,소매,G204,종합 소매,G20405,편의점,G47122,체인화 편의점,11,서울특별시,11545,금천구,11545510,가산동,1154510100,가산동,1154510100104680004,1,대지,468.0,4.0,서울특별시 금천구 가산동 468-4,115453116013,서울특별시 금천구 벚꽃로,309.0,,1154510100104680004015842,가산디지털역내,서울특별시 금천구 벚꽃로 309,153803,8510,,,,126.882562648639,37.481596010993
MA010120220800961669,지에스25뉴금천벽산점,,G2,소매,G204,종합 소매,G20405,편의점,G47122,체인화 편의점,11,서울특별시,11545,금천구,11545510,가산동,1154510100,가산동,1154510100100600073,1,대지,60.0,73.0,서울특별시 금천구 가산동 60-73,115453116013,서울특별시 금천구 벚꽃로,244.0,,1154510100100600073015862,층,서울특별시 금천구 벚꽃로 244,153788,8513,,,,126.885814880351,37.4767607813022
MA010120220800492924,지에스25뉴금천유진,,G2,소매,G204,종합 소매,G20405,편의점,G47122,체인화 편의점,11,서울특별시,11545,금천구,11545510,가산동,1154510100,가산동,1154510100102350057,1,대지,235.0,57.0,서울특별시 금천구 가산동 235-57,115454151188,서울특별시 금천구 두산로5길,58.0,,1154510100102350057015798,드림캐슬,서울특별시 금천구 두산로5길 58,153801,8521,,1,,126.890805979414,37.4730533398919
MA010120220812103635,씨유금천서울점,,G2,소매,G204,종합 소매,G20405,편의점,G47122,체인화 편의점,11,서울특별시,11545,금천구,11545510,가산동,1154510100,가산동,1154510100102350050,1,대지,235.0,50.0,서울특별시 금천구 가산동 235-50,115454151002,서울특별시 금천구 가산로3길,84.0,,1154510100102350050015250,카,서울특별시 금천구 가산로3길 84,153801,8521,,1,,126.89097644254,37.4724408105866
MA010120220801267480,GS25금천제일,,G2,소매,G204,종합 소매,G20405,편의점,G47122,체인화 편의점,11,서울특별시,11545,금천구,11545510,가산동,1154510100,가산동,1154510100102350034,1,대지,235.0,34.0,서울특별시 금천구 가산동 235-34,115454151002,서울특별시 금천구 가산로3길,54.0,,1154510100102350034014932,,서울특별시 금천구 가산로3길 54,153801,8521,,1,,126.892559164524,37.4724062198968
MA010120220805458719,GS25여의도역,,G2,소매,G204,종합 소매,G20405,편의점,G47122,체인화 편의점,11,서울특별시,11560,영등포구,11560540,여의동,1156011000,여의도동,1156011000100350005,1,대지,35.0,5.0,서울특별시 영등포구 여의도동 35-5,115603118019,서울특별시 영등포구 여의나루로,42.0,,1156011000100350005031610,여의도종합상가,서울특별시 영등포구 여의나루로 42,150885,7328,,,,126.924966167732,37.5214730201695
MA010120220812358475,세븐일레븐가산A1,타워점,G2,소매,G204,종합 소매,G20405,편의점,G47122,체인화 편의점,11,서울특별시,11545,금천구,11545510,가산동,1154510100,가산동,1154510100104590007,1,대지,459.0,7.0,서울특별시 금천구 가산동 459-7,115453117001,서울특별시 금천구 가산디지털1로,205.0,27.0,1154510100104590007015610,가산에이1타워,서울특별시 금천구 가산디지털1로 205-27,153803,8503,,1,,126.878829519668,37.4828896934628
MA010120220810147129,세븐여의아이비피아점,코리아,G2,소매,G204,종합 소매,G20405,편의점,G47122,체인화 편의점,11,서울특별시,11560,영등포구,11560540,여의동,1156011000,여의도동,1156011000100140003,1,대지,14.0,3.0,서울특별시 영등포구 여의도동 14-3,115604154091,서울특별시 영등포구 국회대로72길,4.0,,1156011000100140003031680,,서울특별시 영등포구 국회대로72길 4,150871,7238,,1,,126.919922766304,37.5303355675046
MA010120220810313976,씨유여의광복회관점,,G2,소매,G204,종합 소매,G20405,편의점,G47122,체인화 편의점,11,서울특별시,11560,영등포구,11560540,여의동,1156011000,여의도동,1156011000100170006,1,대지,17.0,6.0,서울특별시 영등포구 여의도동 17-6,115604154087,서울특별시 영등포구 국회대로62길,15.0,,1156011000100170006037161,,서울특별시 영등포구 국회대로62길 15,150874,7236,,1,,126.916928288299,37.5270808837668
MA010120220803172871,세븐일레븐여의아일렉스점,,G2,소매,G204,종합 소매,G20405,편의점,G47122,체인화 편의점,11,서울특별시,11560,영등포구,11560540,여의동,1156011000,여의도동,1156011000100370000,1,대지,37.0,,서울특별시 영등포구 여의도동 37,115602118002,서울특별시 영등포구 의사당대로,108.0,,1156011000100370000031429,미성,서울특별시 영등포구 의사당대로 108,150795,7322,,1,,126.923993785308,37.5210128870586
MA010120220809267239,이마트24가산대명벨리온점,,G2,소매,G204,종합 소매,G20405,편의점,G47122,체인화 편의점,11,서울특별시,11545,금천구,11545510,가산동,1154510100,가산동,1154510100107760000,1,대지,776.0,,서울특별시 금천구 가산동 776,115453117002,서울특별시 금천구 가산디지털2로,127.0,33.0,1154510100105470100014059,가산대명벨리온,서울특별시 금천구 가산디지털2로 127-33,153023,8505,,1,,126.877796671662,37.4783835869615
MA010120220805374074,세븐일레븐여의역점,,G2,소매,G204,종합 소매,G20405,편의점,G47122,체인화 편의점,11,서울특별시,11560,영등포구,11560540,여의동,1156011000,여의도동,1156011000100260000,1,대지,26.0,,서울특별시 영등포구 여의도동 26,115604154064,서울특별시 영등포구 국제금융로2길,37.0,,1156011000100260000000001,TRENU,서울특별시 영등포구 국제금융로2길 37,150879,7327,,,,126.924285952113,37.5229412201911
MA010120220813183516,씨유여의,중앙점,G2,소매,G204,종합 소매,G20405,편의점,G47122,체인화 편의점,11,서울특별시,11560,영등포구,11560540,여의동,1156011000,여의도동,1156011000100440021,1,대지,44.0,21.0,서울특별시 영등포구 여의도동 44-21,115604154067,서울특별시 영등포구 국제금융로8길,19.0,,1156011000100440021031398,중앙빌딩,서울특별시 영등포구 국제금융로8길 19,150741,7333,,,,126.929141040195,37.5207638064978
MA010120220803183271,씨유가산이노플렉스점,,G2,소매,G204,종합 소매,G20405,편의점,G47122,체인화 편의점,11,서울특별시,11545,금천구,11545510,가산동,1154510100,가산동,1154510100103710047,1,대지,371.0,47.0,서울특별시 금천구 가산동 371-47,115453117001,서울특별시 금천구 가산디지털1로,151.0,,1154510100103710047000001,,서울특별시 금천구 가산디지털1로 151,153803,8506,,1,,126.881108536155,37.4788284602035
MA010120220804398934,가산하행타는곳편의점스토리웨이,,G2,소매,G204,종합 소매,G20405,편의점,G47122,체인화 편의점,11,서울특별시,11545,금천구,11545510,가산동,1154510100,가산동,1154510100104680004,1,대지,468.0,4.0,서울특별시 금천구 가산동 468-4,115453116013,서울특별시 금천구 벚꽃로,309.0,,1154510100104680004015842,가산디지털단지역구내,서울특별시 금천구 벚꽃로 309,153803,8510,,,,126.882562648639,37.481596010993
MA010120220800398193,세븐여의금강점주,코리아,G2,소매,G204,종합 소매,G20405,편의점,G47122,체인화 편의점,11,서울특별시,11560,영등포구,11560540,여의동,1156011000,여의도동,1156011000100140035,1,대지,14.0,35.0,서울특별시 영등포구 여의도동 14-35,115604154090,서울특별시 영등포구 국회대로70길,22.0,,1156011000100140035031116,여의도동금강빌딩,서울특별시 영등포구 국회대로70길 22,150871,7237,,,,126.920626038273,37.5286061195868
MA010120220800993776,이마트24가산디지털역점,,G2,소매,G204,종합 소매,G20405,편의점,G47122,체인화 편의점,11,서울특별시,11545,금천구,11545510,가산동,1154510100,가산동,1154510100103710028,1,대지,371.0,28.0,서울특별시 금천구 가산동 371-28,115453117001,서울특별시 금천구 가산디지털1로,168.0,,1154510100103710028015795,우림라이온스밸리,서울특별시 금천구 가산디지털1로 168,153786,8507,,2,,126.882644342333,37.479965266654
MA010120220800966195,세븐일레븐금천NTB점,,G2,소매,G204,종합 소매,G20405,편의점,G47129,기타 음ㆍ식료품 위주 종합 소매업,11,서울특별시,11545,금천구,11545510,가산동,1154510100,가산동,1154510100101460073,1,대지,146.0,73.0,서울특별시 금천구 가산동 146-73,115454151037,서울특별시 금천구 남부순환로108길,11.0,15.0,1154510100101460073018191,,서울특별시 금천구 남부순환로108길 11-15,153801,8528,,1,,126.893241015583,37.4778489354001
MA010120220806556100,세븐일레븐파트너스,타워점,G2,소매,G204,종합 소매,G20405,편의점,G47122,체인화 편의점,11,서울특별시,11545,금천구,11545510,가산동,1154510100,가산동,1154510100103450013,1,대지,345.0,13.0,서울특별시 금천구 가산동 345-13,115453117001,서울특별시 금천구 가산디지털1로,83.0,,1154510100103450013000001,파트너스타워,서울특별시 금천구 가산디지털1로 83,153802,8589,,1,,126.884305410337,37.4732183457358
MA010120220800674399,세븐일레븐S여의도역점,,G2,소매,G204,종합 소매,G20405,편의점,G47122,체인화 편의점,11,서울특별시,11560,영등포구,11560540,여의동,1156011000,여의도동,1156011000100030000,1,대지,3.0,,서울특별시 영등포구 여의도동 3,115603118019,서울특별시 영등포구 여의나루로,40.0,,1156011000100030000000001,5호선여의도역,서울특별시 영등포구 여의나루로 40,150913,7327,,,,126.924490683367,37.5218421282114
MA010120220812446113,지에스25여의,파크원점,G2,소매,G204,종합 소매,G20405,편의점,G47122,체인화 편의점,11,서울특별시,11560,영등포구,11560540,여의동,1156011000,여의도동,1156011000100220000,1,대지,22.0,,서울특별시 영등포구 여의도동 22,115602118001,서울특별시 영등포구 여의대로,108.0,,1156011000100220000000001,파크원,서울특별시 영등포구 여의대로 108,150875,7335,,B2,,126.929114222117,37.5251967223703
MA010120220802987325,씨유여의트레뉴점,,G2,소매,G204,종합 소매,G20405,편의점,G47122,체인화 편의점,11,서울특별시,11560,영등포구,11560540,여의동,1156011000,여의도동,1156011000100260000,1,대지,26.0,,서울특별시 영등포구 여의도동 26,115604154064,서울특별시 영등포구 국제금융로2길,37.0,,1156011000100260000000001,외,서울특별시 영등포구 국제금융로2길 37,150879,7327,,1,,126.924285952113,37.5229412201911
MA010120220813861517,세븐가산마리오아울렛3관점,코리아,G2,소매,G204,종합 소매,G20405,편의점,G47122,체인화 편의점,11,서울특별시,11545,금천구,11545510,가산동,1154510100,가산동,1154510100100600020,1,대지,60.0,20.0,서울특별시 금천구 가산동 60-20,115453116013,서울특별시 금천구 벚꽃로,266.0,,1154510100100600020014060,마리오아울렛,서울특별시 금천구 벚꽃로 266,153717,8511,,1,,126.885088752551,37.4784449643288
MA010120220800970635,씨유금천하이엔드점,,G2,소매,G204,종합 소매,G20405,편의점,G47122,체인화 편의점,11,서울특별시,11545,금천구,11545510,가산동,1154510100,가산동,1154510100103450004,1,대지,345.0,4.0,서울특별시 금천구 가산동 345-4,115453117001,서울특별시 금천구 가산디지털1로,84.0,,1154510100103450004000001,,서울특별시 금천구 가산디지털1로 84,153797,8590,,1,,126.885548619935,37.4734357987815
MA010120220800397676,세븐S여의도역점주,코리아,G2,소매,G204,종합 소매,G20405,편의점,G47122,체인화 편의점,11,서울특별시,11560,영등포구,11560540,여의동,1156011000,여의도동,1156011000100030000,1,대지,3.0,,서울특별시 영등포구 여의도동 3,115603118019,서울특별시 영등포구 여의나루로,40.0,,1156011000100030000000001,여의도동,서울특별시 영등포구 여의나루로 40,150913,7327,,,,126.924490683367,37.5218421282114
MA010120220802946968,이마트24가산남성,프라자점,G2,소매,G204,종합 소매,G20405,편의점,G47129,기타 음ㆍ식료품 위주 종합 소매업,11,서울특별시,11545,금천구,11545510,가산동,1154510100,가산동,1154510100103450030,1,대지,345.0,30.0,서울특별시 금천구 가산동 345-30,115453000026,서울특별시 금천구 디지털로,130.0,,1154510100103450030015806,남성프라자,서울특별시 금천구 디지털로 130,153782,8589,,,,126.88187133963,37.4754504410988
MA010120220813174028,씨유가산SKV1,타워점,G2,소매,G204,종합 소매,G20405,편의점,G47122,체인화 편의점,11,서울특별시,11545,금천구,11545510,가산동,1154510100,가산동,1154510100106730000,1,대지,673.0,,서울특별시 금천구 가산동 673,115453117001,서울특별시 금천구 가산디지털1로,16.0,,1154510100106730000015396,,서울특별시 금천구 가산디지털1로 16,153803,8591,,1,,126.888078312806,37.4676086860899
MA010120220810378805,세븐일레븐가산타운점,,G2,소매,G204,종합 소매,G20405,편의점,G47122,체인화 편의점,11,서울특별시,11545,금천구,11545510,가산동,1154510100,가산동,1154510100102370110,1,대지,237.0,110.0,서울특별시 금천구 가산동 237-110,115454151186,서울특별시 금천구 두산로3가길,33.0,,1154510100102370110015028,,서울특별시 금천구 두산로3가길 33,153801,8519,,1,,126.890183024579,37.4738636713497
MA010120220812822978,지에이치비,,G2,소매,G204,종합 소매,G20405,편의점,G47122,체인화 편의점,11,서울특별시,11545,금천구,11545510,가산동,1154510100,가산동,1154510100103710028,1,대지,371.0,28.0,서울특별시 금천구 가산동 371-28,115453117001,서울특별시 금천구 가산디지털1로,168.0,,1154510100103710028015795,우림라이온스밸리,서울특별시 금천구 가산디지털1로 168,153786,8507,,9,,126.882644342333,37.479965266654
MA010120220808517048,씨유가산,벚꽃로점,G2,소매,G204,종합 소매,G20405,편의점,G47122,체인화 편의점,11,서울특별시,11545,금천구,11545510,가산동,1154510100,가산동,1154510100100400020,1,대지,40.0,20.0,서울특별시 금천구 가산동 40-20,115453116013,서울특별시 금천구 벚꽃로,312.0,1.0,1154510100100400020015648,,서울특별시 금천구 벚꽃로 312-1,153800,8509,,1,,126.88284409291,37.4823711576106
MA010120220808418179,미니스톱가산디퍼,스타점,G2,소매,G204,종합 소매,G20405,편의점,G47122,체인화 편의점,11,서울특별시,11545,금천구,11545510,가산동,1154510100,가산동,1154510100104590024,1,대지,459.0,24.0,서울특별시 금천구 가산동 459-24,115453117002,서울특별시 금천구 가산디지털2로,169.0,16.0,1154510100104590024014347,하우스디가산퍼스타,서울특별시 금천구 가산디지털2로 169-16,153803,8500,,1,,126.876522770826,37.4830404766418
MA010120220809939313,씨유가산원앤원점,,G2,소매,G204,종합 소매,G20405,편의점,G47122,체인화 편의점,11,서울특별시,11545,금천구,11545510,가산동,1154510100,가산동,1154510100105490001,1,대지,549.0,1.0,서울특별시 금천구 가산동 549-1,115453117002,서울특별시 금천구 가산디지털2로,101.0,,1154510100105490001014777,,서울특별시 금천구 가산디지털2로 101,153803,8505,,1,,126.8795174637,37.4769347296426
MA010120220800343618,GS25여의에클라트점,,G2,소매,G204,종합 소매,G20405,편의점,G47122,체인화 편의점,11,서울특별시,11560,영등포구,11560540,여의동,1156011000,여의도동,1156011000100140021,1,대지,14.0,21.0,서울특별시 영등포구 여의도동 14-21,115602005008,서울특별시 영등포구 국회대로,780.0,,1156011000100140021031601,LG에클라트빌딩,서울특별시 영등포구 국회대로 780,150871,7237,,,,126.919267125422,37.5298305604051
MA010120220806739415,씨유대륭18차점,,G2,소매,G204,종합 소매,G20405,편의점,G47122,체인화 편의점,11,서울특별시,11545,금천구,11545510,가산동,1154510100,가산동,1154510100106700002,1,대지,670.0,2.0,서울특별시 금천구 가산동 670-2,115453117001,서울특별시 금천구 가산디지털1로,19.0,,1154510100106700002000001,대륭테크노타운18차,서울특별시 금천구 가산디지털1로 19,153803,8594,,1,,126.886507048613,37.4676071874368
MA010120220812406499,세븐일레븐가산드림,타워점,G2,소매,G204,종합 소매,G20405,편의점,G47122,체인화 편의점,11,서울특별시,11545,금천구,11545510,가산동,1154510100,가산동,1154510100103450043,1,대지,345.0,43.0,서울특별시 금천구 가산동 345-43,115453117002,서울특별시 금천구 가산디지털2로,35.0,,1154510100103450043015336,,서울특별시 금천구 가산디지털2로 35,153802,8593,,1,,126.882329835069,37.4714414054776
MA0101202210A0053176,세븐일레븐여의진주점,,G2,소매,G204,종합 소매,G20405,편의점,G47122,체인화 편의점,11,서울특별시,11560,영등포구,11560540,여의동,1156011000,여의도동,1156011000100530012,1,대지,53.0,12.0,서울특별시 영등포구 여의도동 53-12,115603118002,서울특별시 영등포구 국제금융로,110.0,,1156011000100530012031557,코너일부,서울특별시 영등포구 국제금융로 110,150895,7343,,1,,126.933566159237,37.5184057506184
MA0101202211A0006570,마이팬트리24편의점더코노셔점,,G2,소매,G204,종합 소매,G20405,편의점,G47122,체인화 편의점,11,서울특별시,11560,영등포구,11560540,여의동,1156011000,여의도동,1156011000100150013,1,대지,15.0,13.0,서울특별시 영등포구 여의도동 15-13,115604154089,서울특별시 영등포구 국회대로68길,24.0,,1156011000100150013031128,일부라포르테블랑여의도,서울특별시 영등포구 국회대로68길 24,150872,7237,,,,126.920128638739,37.5282453836257
MA0101202301A0035628,가산로디마트,,G2,소매,G204,종합 소매,G20405,편의점,G47122,체인화 편의점,11,서울특별시,11545,금천구,11545510,가산동,1154510100,가산동,1154510100101400030,1,대지,140.0,30.0,서울특별시 금천구 가산동 140-30,115453000026,서울특별시 금천구 디지털로,204.0,,1154510100101400030014194,,서울특별시 금천구 디지털로 204,153801,8515,,1,,126.889181239858,37.4785660047146
MA0101202209A0043575,씨스페이스가,산본점,G2,소매,G204,종합 소매,G20405,편의점,G47122,체인화 편의점,11,서울특별시,11545,금천구,11545510,가산동,1154510100,가산동,1154510100103270027,1,대지,327.0,27.0,서울특별시 금천구 가산동 327-27,115453117001,서울특별시 금천구 가산디지털1로,45.0,,1154510100103270027000001,이앤씨드림타워8차,서울특별시 금천구 가산디지털1로 45,153793,8592,,1,,126.885554005111,37.4699038448544
MA0101202303A0110586,여의도한강,2호점,G2,소매,G204,종합 소매,G20405,편의점,G47122,체인화 편의점,11,서울특별시,11560,영등포구,11560540,여의동,1156011000,여의도동,1156011000100840004,1,대지,84.0,4.0,서울특별시 영등포구 여의도동 84-4,115603118020,서울특별시 영등포구 여의동로,343.0,,1156011000100080000031184,,서울특별시 영등포구 여의동로 343,150010,7336,,,,126.932868369841,37.5270820100231
MA0101202302A0027658,미니스톱가산,테크노점,G2,소매,G204,종합 소매,G20405,편의점,G47122,체인화 편의점,11,서울특별시,11545,금천구,11545510,가산동,1154510100,가산동,1154510100104810011,1,대지,481.0,11.0,서울특별시 금천구 가산동 481-11,115453000023,서울특별시 금천구 가마산로,96.0,,1154510100104810011015653,대륭테크노타운8차,서울특별시 금천구 가마산로 96,153775,8501,,1,,126.87746888699,37.4852579413226
MA0101202303A0107205,세븐일레븐가산반도점,,G2,소매,G204,종합 소매,G20405,편의점,G47122,체인화 편의점,11,서울특별시,11545,금천구,11545510,가산동,1154510100,가산동,1154510100104700001,1,대지,470.0,1.0,서울특별시 금천구 가산동 470-1,115453117001,서울특별시 금천구 가산디지털1로,204.0,,1154510100104700001015644,가산역반도아이비밸리,서울특별시 금천구 가산디지털1로 204,153803,8502,,1,,126.88103330233,37.4834956084916
MA0101202303A0010775,여의도한강,1호점,G2,소매,G204,종합 소매,G20405,편의점,G47122,체인화 편의점,11,서울특별시,11560,영등포구,11560540,여의동,1156011000,여의도동,1156011000100860005,1,대지,86.0,5.0,서울특별시 영등포구 여의도동 86-5,115604859648,서울특별시 영등포구 한강남자전거길,1593.0,,1156011000100860005000001,,서울특별시 영등포구 한강남자전거길 1593,150897,7346,,,,126.940032699132,37.5231214555375
MA0101202305A0015410,씨유여의리첸시아점,,G2,소매,G204,종합 소매,G20405,편의점,G47122,체인화 편의점,11,서울특별시,11560,영등포구,11560540,여의동,1156011000,여의도동,1156011000100610000,1,대지,61.0,,서울특별시 영등포구 여의도동 61,115603118020,서울특별시 영등포구 여의동로,213.0,,1156011000100610000031688,금호리첸시아,서울특별시 영등포구 여의동로 213,150947,7345,,1,,126.939617841771,37.5185261298355
MA0101202302A0011860,세븐일레븐가산,캐슬점,G2,소매,G204,종합 소매,G20405,편의점,G47122,체인화 편의점,11,서울특별시,11545,금천구,11545510,가산동,1154510100,가산동,1154510100105500001,1,대지,550.0,1.0,서울특별시 금천구 가산동 550-1,115453117002,서울특별시 금천구 가산디지털2로,98.0,,1154510100105500001018232,IT캐슬,서울특별시 금천구 가산디지털2로 98,153768,8506,,1,,126.88105453514,37.4772336199671
MA0101202302A0072229,이마트24여의콤비점,,G2,소매,G204,종합 소매,G20405,편의점,G47122,체인화 편의점,11,서울특별시,11560,영등포구,11560540,여의동,1156011000,여의도동,1156011000100610004,1,대지,61.0,4.0,서울특별시 영등포구 여의도동 61-4,115603118001,서울특별시 영등포구 63로,32.0,,1156011000100610004031475,콤비빌딩,서울특별시 영등포구 63로 32,150732,7345,,1,,126.938780382069,37.5190032303906
MA0101202302A0018915,지에스25가산,미소점,G2,소매,G204,종합 소매,G20405,편의점,G47122,체인화 편의점,11,서울특별시,11545,금천구,11545510,가산동,1154510100,가산동,1154510100105500017,1,대지,550.0,17.0,서울특별시 금천구 가산동 550-17,115454151238,서울특별시 금천구 서부샛길,528.0,,1154510100105500018000001,,서울특별시 금천구 서부샛길 528,153803,8505,,1,,126.878953178883,37.4763214666715
MA0101202302A0100551,지에스25여의더하우스,,G2,소매,G204,종합 소매,G20405,편의점,G47122,체인화 편의점,11,서울특별시,11560,영등포구,11560540,여의동,1156011000,여의도동,1156011000100170009,1,대지,17.0,9.0,서울특별시 영등포구 여의도동 17-9,115602118002,서울특별시 영등포구 의사당대로,26.0,,1156011000100170009031183,더하우스,서울특별시 영등포구 의사당대로 26,150874,7236,,,,126.918105445019,37.5265320948017
MA0101202302A0109834,주석,,G2,소매,G204,종합 소매,G20405,편의점,G47122,체인화 편의점,11,서울특별시,11545,금천구,11545510,가산동,1154510100,가산동,1154510100101390015,1,대지,139.0,15.0,서울특별시 금천구 가산동 139-15,115453000026,서울특별시 금천구 디지털로,207.0,,1154510100101390015014510,지밸리페트라힐스,서울특별시 금천구 디지털로 207,153801,8512,,1,,126.88910135425,37.479070494759
MA0101202301A0106632,씨유가산에이스타워,,G2,소매,G204,종합 소매,G20405,편의점,G47122,체인화 편의점,11,서울특별시,11545,금천구,11545510,가산동,1154510100,가산동,1154510100104700005,1,대지,470.0,5.0,서울특별시 금천구 가산동 470-5,115453117001,서울특별시 금천구 가산디지털1로,196.0,,1154510100104700005000001,,서울특별시 금천구 가산디지털1로 196,153789,8502,,1,,126.88128288533,37.4829642647067
MA0101202307A0064018,이마트24뉴가산지웰점,,G2,소매,G204,종합 소매,G20405,편의점,G47122,체인화 편의점,11,서울특별시,11545,금천구,11545510,가산동,1154510100,가산동,1154510100101430006,1,대지,143.0,6.0,서울특별시 금천구 가산동 143-6,115454151005,서울특별시 금천구 가산로9길,12.0,8.0,1154510100101430006014683,가산지웰에스테이트2차,서울특별시 금천구 가산로9길 12-8,153801,8515,,1,,126.890901384482,37.4774143139194
MA0101202308A0038220,구로슈퍼,,G2,소매,G204,종합 소매,G20405,편의점,G47122,체인화 편의점,11,서울특별시,11545,금천구,11545510,가산동,1154510100,가산동,1154510100103450033,1,대지,345.0,33.0,서울특별시 금천구 가산동 345-33,115453117002,서울특별시 금천구 가산디지털2로,67.0,,1154510100103450033000001,에이스하이엔드타워,서울특별시 금천구 가산디지털2로 67,153794,8588,,,,126.881093233846,37.4742152776674
MA0101202306A0084040,지에스25가산한라,,G2,소매,G204,종합 소매,G20405,편의점,G47122,체인화 편의점,11,서울특별시,11545,금천구,11545510,가산동,1154510100,가산동,1154510100103450090,1,대지,345.0,90.0,서울특별시 금천구 가산동 345-90,115453117002,서울특별시 금천구 가산디지털2로,53.0,,1154510100103450090000002,,서울특별시 금천구 가산디지털2로 53,153706,8588,,1,,126.881140451607,37.4729539116557
MA0101202307A0041942,지에스25가산스마트,,G2,소매,G204,종합 소매,G20405,편의점,G47122,체인화 편의점,11,서울특별시,11545,금천구,11545510,가산동,1154510100,가산동,1154510100103710063,1,대지,371.0,63.0,서울특별시 금천구 가산동 371-63,115453117001,서울특별시 금천구 가산디지털1로,146.0,,1154510100103710063014529,,서울특별시 금천구 가산디지털1로 146,153803,8507,,1,,126.883155072769,37.4787043605156
MA0101202307A0028700,씨유가산아르센,타워점,G2,소매,G204,종합 소매,G20405,편의점,G47122,체인화 편의점,11,서울특별시,11545,금천구,11545510,가산동,1154510100,가산동,1154510100103270030,1,대지,327.0,30.0,서울특별시 금천구 가산동 327-30,115453117002,서울특별시 금천구 가산디지털2로,24.0,,1154510100103270030015810,,서울특별시 금천구 가산디지털2로 24,153802,8592,,1,,126.883958510328,37.4709204302967
MA0101202309A0051392,이마트24여의도공원,4호점,G2,소매,G204,종합 소매,G20405,편의점,G47122,체인화 편의점,11,서울특별시,11560,영등포구,11560540,여의동,1156011000,여의도동,1156011000100020000,1,대지,2.0,,서울특별시 영등포구 여의도동 2,115603118018,서울특별시 영등포구 여의공원로,68.0,,1156011000100020000000003,,서울특별시 영등포구 여의공원로 68,150010,7243,,,,126.92229095813,37.5268052234685
MA0101202307A0047109,씨유가산W,센터점,G2,소매,G204,종합 소매,G20405,편의점,G47122,체인화 편의점,11,서울특별시,11545,금천구,11545510,가산동,1154510100,가산동,1154510100103710106,1,대지,371.0,106.0,서울특별시 금천구 가산동 371-106,115453117001,서울특별시 금천구 가산디지털1로,181.0,,1154510100103710106000001,가산더블유센터,서울특별시 금천구 가산디지털1로 181,153803,8503,,1,,126.880392123783,37.4814316521548
MA0101202309A0054929,지에스이십오가산KS,,G2,소매,G204,종합 소매,G20405,편의점,G47122,체인화 편의점,11,서울특별시,11545,금천구,11545510,가산동,1154510100,가산동,1154510100100600014,1,대지,60.0,14.0,서울특별시 금천구 가산동 60-14,115454151380,서울특별시 금천구 벚꽃로36길,30.0,,1154510100100600014015748,,서울특별시 금천구 벚꽃로36길 30,153801,8511,,,,126.885107846294,37.4807425552625
MA0101202310A0036906,세븐일레븐가산엠파이어점,,G2,소매,G204,종합 소매,G20405,편의점,G46103,섬유; 의복; 신발 및 가죽제품 중개업,11,서울특별시,11545,금천구,11545510,가산동,1154510100,가산동,1154510100106850000,1,대지,685.0,,서울특별시 금천구 가산동 685,115453000027,서울특별시 금천구 범안로,1130.0,,1154510100106850000000001,디지털엠파이어빌딩,서울특별시 금천구 범안로 1130,153716,8595,,1,,126.887629117358,37.4656260360814
MA0101202406A0002358,지에스가,산본점,G2,소매,G204,종합 소매,G20405,편의점,G47122,체인화 편의점,11,서울특별시,11545,금천구,11545510,가산동,1154510100,가산동,1154510100101470025,1,대지,147.0,25.0,서울특별시 금천구 가산동 147-25,115454151039,서울특별시 금천구 남부순환로112길,15.0,,1154510100101470025016377,,서울특별시 금천구 남부순환로112길 15,153801,8529,,,,126.895027238007,37.4778955862703
MA0101202406A0451952,응응스크르서울,여의도점,G2,소매,G204,종합 소매,G20405,편의점,G47122,체인화 편의점,11,서울특별시,11560,영등포구,11560540,여의동,1156011000,여의도동,1156011000100500000,1,대지,50.0,,서울특별시 영등포구 여의도동 50,115603118001,서울특별시 영등포구 63로,45.0,,1156011000100500000031272,시범아파트,서울특별시 영등포구 63로 45,150761,7344,,,,126.93731918981,37.5213540815575
MA0101202406A0083007,지에스25S9샛강역점,,G2,소매,G204,종합 소매,G20405,편의점,G47122,체인화 편의점,11,서울특별시,11560,영등포구,11560540,여의동,1156011000,여의도동,1156011000100050006,1,대지,5.0,6.0,서울특별시 영등포구 여의도동 5-6,115602118002,서울특별시 영등포구 의사당대로,166.0,,1156011000100050006000001,9호선샛강역샛강역,서울특별시 영등포구 의사당대로 166,150913,7324,,,,126.929077081951,37.516628163941
MA0101202406A0291483,세븐일레븐S여의나루역점,,G2,소매,G204,종합 소매,G20405,편의점,G46103,섬유; 의복; 신발 및 가죽제품 중개업,11,서울특별시,11560,영등포구,11560540,여의동,1156011000,여의도동,1156011000100840004,1,대지,84.0,4.0,서울특별시 영등포구 여의도동 84-4,115603118020,서울특별시 영등포구 여의동로,343.0,,1156011000100080000031184,5호선여의나루역,서울특별시 영등포구 여의동로 343,150010,7336,,,,126.932868369841,37.5270820100231
MA0101202406A0536141,세븐금천가산더블유점,코리아,G2,소매,G204,종합 소매,G20405,편의점,G47122,체인화 편의점,11,서울특별시,11545,금천구,11545510,가산동,1154510100,가산동,1154510100101450027,1,대지,145.0,27.0,서울특별시 금천구 가산동 145-27,115453117003,서울특별시 금천구 가산로,134.0,,1154510100101450027018189,,서울특별시 금천구 가산로 134,153801,8528,,1,,126.891783151444,37.4774601752517
MA0101202311A0043305,세븐금천벽산점,코리아,G2,소매,G204,종합 소매,G20405,편의점,G47122,체인화 편의점,11,서울특별시,11545,금천구,11545510,가산동,1154510100,가산동,1154510100104810004,1,대지,481.0,4.0,서울특별시 금천구 가산동 481-4,115453117001,서울특별시 금천구 가산디지털1로,219.0,,1154510100104810004000001,벽산디지털밸리6차,서울특별시 금천구 가산디지털1로 219,153704,8501,,,,126.878985221978,37.4844936474463
MA0101202311A0085091,씨유금천하이시티점,,G2,소매,G204,종합 소매,G20405,편의점,G47122,체인화 편의점,11,서울특별시,11545,금천구,11545510,가산동,1154510100,가산동,1154510100103710017,1,대지,371.0,17.0,서울특별시 금천구 가산동 371-17,115453117001,서울특별시 금천구 가산디지털1로,131.0,,1154510100103710017000003,BYCHIGHCITY,서울특별시 금천구 가산디지털1로 131,153718,8506,,,,126.881970592906,37.4770363165761
MA0101202406A0447394,씨유가산ENC7점,,G2,소매,G204,종합 소매,G20405,편의점,G47122,체인화 편의점,11,서울특별시,11545,금천구,11545510,가산동,1154510100,가산동,1154510100100600044,1,대지,60.0,44.0,서울특별시 금천구 가산동 60-44,115454151195,서울특별시 금천구 디지털로9길,46.0,,1154510100100600044000001,이앤씨드림타워7차,서울특별시 금천구 디지털로9길 46,153791,8512,,1,,126.887098739079,37.4800597078405
MA0101202406A0461596,세븐일레븐금천가산더블유점,,G2,소매,G204,종합 소매,G20405,편의점,G46102,음ㆍ식료품 및 담배 중개업,11,서울특별시,11545,금천구,11545510,가산동,1154510100,가산동,1154510100101450027,1,대지,145.0,27.0,서울특별시 금천구 가산동 145-27,115453117003,서울특별시 금천구 가산로,134.0,,1154510100101450027018189,,서울특별시 금천구 가산로 134,153801,8528,,1,,126.891783151444,37.4774601752517
MA0101202311A0013731,지에스25브라이튼여의도1호,,G2,소매,G204,종합 소매,G20405,편의점,G47122,체인화 편의점,11,서울특별시,11560,영등포구,11560540,여의동,1156011000,여의도동,1156011000105250000,1,대지,525.0,,서울특별시 영등포구 여의도동 525,115603118002,서울특별시 영등포구 국제금융로,39.0,,1156011000100310000031246,브라이튼여의도,서울특별시 영등포구 국제금융로 39,150010,7339,,1,,126.929307338138,37.5243498960899
MA0101202310A0032062,세븐가산엠파이어점,코리아,G2,소매,G204,종합 소매,G20405,편의점,G47122,체인화 편의점,11,서울특별시,11545,금천구,11545510,가산동,1154510100,가산동,1154510100106850000,1,대지,685.0,,서울특별시 금천구 가산동 685,115453000027,서울특별시 금천구 범안로,1130.0,,1154510100106850000000001,,서울특별시 금천구 범안로 1130,153716,8595,,1,,126.887629117358,37.4656260360814
MA0101202406A0413149,지에스25가산테라타워,,G2,소매,G204,종합 소매,G20405,편의점,G47122,체인화 편의점,11,서울특별시,11545,금천구,11545510,가산동,1154510100,가산동,1154510100102190005,1,대지,219.0,5.0,서울특별시 금천구 가산동 219-5,115454151192,서울특별시 금천구 디지털로10길,78.0,,1154510100102190005016815,가산테라타워,서울특별시 금천구 디지털로10길 78,153801,8517,,1,,126.889729831702,37.4745390065155
MA0101202406A0281120,지에스25뉴금천갑을점,,G2,소매,G204,종합 소매,G20405,편의점,G47122,체인화 편의점,11,서울특별시,11545,금천구,11545510,가산동,1154510100,가산동,1154510100100600005,1,대지,60.0,5.0,서울특별시 금천구 가산동 60-5,115454151195,서울특별시 금천구 디지털로9길,32.0,,1154510100100600005000001,갑을그레이트밸리,서울특별시 금천구 디지털로9길 32,153709,8512,,,,126.887506576646,37.4795104814972
MA0101202406A0496136,씨유여의도티피,타워점,G2,소매,G204,종합 소매,G20405,편의점,G47122,체인화 편의점,11,서울특별시,11560,영등포구,11560540,여의동,1156011000,여의도동,1156011000100270002,1,대지,27.0,2.0,서울특별시 영등포구 여의도동 27-2,115602118002,서울특별시 영등포구 의사당대로,96.0,,1156011000100270002031353,일부,서울특별시 영등포구 의사당대로 96,150742,7321,,2,,126.922873347253,37.5215347422609
MA0101202406A0010582,지에스25여의캐피탈점,,G2,소매,G204,종합 소매,G20405,편의점,G47122,체인화 편의점,11,서울특별시,11560,영등포구,11560540,여의동,1156011000,여의도동,1156011000100450003,1,대지,45.0,3.0,서울특별시 영등포구 여의도동 45-3,115604154067,서울특별시 영등포구 국제금융로8길,27.0,8.0,1156011000100450003037298,,서울특별시 영등포구 국제금융로8길 27-8,150998,7332,,1,,126.928395682336,37.5194659128485
MA0101202406A0451488,지에스25S9여의도역점,,G2,소매,G204,종합 소매,G20405,편의점,G47122,체인화 편의점,11,서울특별시,11560,영등포구,11560540,여의동,1156011000,여의도동,1156011000100030000,1,대지,3.0,,서울특별시 영등포구 여의도동 3,115603118019,서울특별시 영등포구 여의나루로,40.0,,1156011000100030000000001,여의도역,서울특별시 영등포구 여의나루로 40,150913,7327,,,,126.924490683367,37.5218421282114
MA0101202406A0529118,지에스25가산골드타워,,G2,소매,G204,종합 소매,G20405,편의점,G47122,체인화 편의점,11,서울특별시,11545,금천구,11545510,가산동,1154510100,가산동,1154510100103450002,1,대지,345.0,2.0,서울특별시 금천구 가산동 345-2,115453117001,서울특별시 금천구 가산디지털1로,100.0,,1154510100103450002015692,,서울특별시 금천구 가산디지털1로 100,153802,8590,,,,126.884913526495,37.4747506559539
MA0101202406A0528526,세븐독산역점,코리아,G2,소매,G204,종합 소매,G20405,편의점,G47122,체인화 편의점,11,서울특별시,11545,금천구,11545510,가산동,1154510100,가산동,1154510100107150000,1,대지,715.0,,서울특별시 금천구 가산동 715,115453000027,서울특별시 금천구 범안로,1138.0,,1154510100107150000015652,제,서울특별시 금천구 범안로 1138,153803,8595,,1,,126.888386214841,37.4657979456725
MA0101202406A0485905,세븐일레븐여의금강점,,G2,소매,G204,종합 소매,G20405,편의점,G46103,섬유; 의복; 신발 및 가죽제품 중개업,11,서울특별시,11560,영등포구,11560540,여의동,1156011000,여의도동,1156011000100140035,1,대지,14.0,35.0,서울특별시 영등포구 여의도동 14-35,115604154090,서울특별시 영등포구 국회대로70길,22.0,,1156011000100140035031116,금강빌딩,서울특별시 영등포구 국회대로70길 22,150871,7237,,,,126.920626038273,37.5286061195868
MA0101202406A0138825,지에스25독산우림점,,G2,소매,G204,종합 소매,G20405,편의점,G47122,체인화 편의점,11,서울특별시,11545,금천구,11545510,가산동,1154510100,가산동,1154510100106800000,1,대지,680.0,,서울특별시 금천구 가산동 680,115453117001,서울특별시 금천구 가산디지털1로,2.0,,1154510100106800000017062,우림라이온스밸리2차,서울특별시 금천구 가산디지털1로 2,153776,8591,,1,,126.888000340372,37.4668337430241
MA0101202406A0560026,씨유퍼블릭가산,2호점,G2,소매,G204,종합 소매,G20405,편의점,G47122,체인화 편의점,11,서울특별시,11545,금천구,11545510,가산동,1154510100,가산동,1154510100100600026,1,대지,60.0,26.0,서울특별시 금천구 가산동 60-26,115453000026,서울특별시 금천구 디지털로,178.0,,1154510100100600026014771,현대지식산업센터,서울특별시 금천구 디지털로 178,153801,8513,,,,126.887081184211,37.4766989275967
MA0101202409A0096183,세븐일레븐여의,IFC점,G2,소매,G204,종합 소매,G20405,편의점,G46103,섬유; 의복; 신발 및 가죽제품 중개업,11,서울특별시,11560,영등포구,11560540,여의동,1156011000,여의도동,1156011000100240000,1,대지,24.0,,서울특별시 영등포구 여의도동 24,115604154064,서울특별시 영등포구 국제금융로2길,7.0,,1156011000100240000031230,한주빌딩,서울특별시 영등포구 국제금융로2길 7,150877,7327,,1,,126.926829582302,37.5246457177567
MA0101202409A0091384,세븐가산대륭점,코리아,G2,소매,G204,종합 소매,G20405,편의점,G47122,체인화 편의점,11,서울특별시,11545,금천구,11545510,가산동,1154510100,가산동,1154510100103270032,1,대지,327.0,32.0,서울특별시 금천구 가산동 327-32,115453117002,서울특별시 금천구 가산디지털2로,14.0,,1154510100103270033000001,대륭테크노타운12차,서울특별시 금천구 가산디지털2로 14,153778,8592,,,,126.884254346004,37.4696773263929
MA0101202409A0093171,이마트24여의도SK점,,G2,소매,G204,종합 소매,G20405,편의점,G47122,체인화 편의점,11,서울특별시,11560,영등포구,11560540,여의동,1156011000,여의도동,1156011000100450001,1,대지,45.0,1.0,서울특별시 영등포구 여의도동 45-1,115604154067,서울특별시 영등포구 국제금융로8길,31.0,,1156011000100450001037298,SK증권빌딩,서울특별시 영등포구 국제금융로8길 31,150994,7332,,1,,126.928067360739,37.5197540342908
MA0101202409A0114293,씨유금천G밸리어반점,,G2,소매,G204,종합 소매,G20405,편의점,G47122,체인화 편의점,11,서울특별시,11545,금천구,11545510,가산동,1154510100,가산동,1154510100105350007,1,대지,535.0,7.0,서울특별시 금천구 가산동 535-7,115454151238,서울특별시 금천구 서부샛길,714.0,,1154510100105350007015819,G밸리하우스디어반,서울특별시 금천구 서부샛길 714,153803,8500,,,,126.875074069189,37.4839309517622
MA0101202411A0141977,더까까주까프렌즈,가산점,G2,소매,G204,종합 소매,G20405,편의점,G47121,슈퍼마켓,11,서울특별시,11545,금천구,11545510,가산동,1154510100,가산동,1154510100101500002,1,대지,150.0,2.0,서울특별시 금천구 가산동 150-2,115454151284,서울특별시 금천구 시흥대로153길,99.0,,1154510100101500002016986,신평대일타운,서울특별시 금천구 시흥대로153길 99,153801,8532,,1,,126.893368308868,37.4757857391378
MA0101202411A0025996,지에스25여의순복음점,,G2,소매,G204,종합 소매,G20405,편의점,G47122,체인화 편의점,11,서울특별시,11560,영등포구,11560540,여의동,1156011000,여의도동,1156011000100130005,1,대지,13.0,5.0,서울특별시 영등포구 여의도동 13-5,115604154094,서울특별시 영등포구 국회대로76길,18.0,,1156011000100130005031095,오성빌딩,서울특별시 영등포구 국회대로76길 18,150870,7238,,1,,126.922231100603,37.5299767095875
MA0101202411A0031843,지에스25가산태세라점,,G2,소매,G204,종합 소매,G20405,편의점,G47122,체인화 편의점,11,서울특별시,11545,금천구,11545510,가산동,1154510100,가산동,1154510100103450025,1,대지,345.0,25.0,서울특별시 금천구 가산동 345-25,115453117002,서울특별시 금천구 가산디지털2로,46.0,,1154510100103450025015263,에이스태세라타워,서울특별시 금천구 가산디지털2로 46,153802,8589,,1,,126.882712179401,37.4727302297602
MA0101202411A0131853,씨유가산아스크점,,G2,소매,G204,종합 소매,G20405,편의점,G47122,체인화 편의점,11,서울특별시,11545,금천구,11545510,가산동,1154510100,가산동,1154510100100600009,1,대지,60.0,9.0,서울특별시 금천구 가산동 60-9,115454151192,서울특별시 금천구 디지털로10길,37.0,,1154510100100600009015747,가산아스크타워,서울특별시 금천구 디지털로10길 37,153801,8514,,1,,126.889771823316,37.4767375086637
MA0101202412A0005061,씨유가산한솔,타워점,G2,소매,G204,종합 소매,G20405,편의점,G47122,체인화 편의점,11,서울특별시,11545,금천구,11545510,가산동,1154510100,가산동,1154510100103190008,1,대지,319.0,8.0,서울특별시 금천구 가산동 319-8,115453117001,서울특별시 금천구 가산디지털1로,58.0,,1154510100103190008015341,에이스한솔타워,서울특별시 금천구 가산디지털1로 58,153802,8591,,,,126.886512849851,37.4712472747658
MA0101202411A0126977,세븐일레븐여의점,,G2,소매,G204,종합 소매,G20405,편의점,G46103,섬유; 의복; 신발 및 가죽제품 중개업,11,서울특별시,11560,영등포구,11560540,여의동,1156011000,여의도동,1156011000100110011,1,대지,11.0,11.0,서울특별시 영등포구 여의도동 11-11,115603118021,서울특별시 영등포구 여의서로,43.0,,1156011000100110011031074,한서리버파크오피스텔,서울특별시 영등포구 여의서로 43,150746,7239,,2,,126.924753127873,37.5308523146473
MA0101202502A0104568,이마트24가산모비우스점,,G2,소매,G204,종합 소매,G20405,편의점,G47122,체인화 편의점,11,서울특별시,11545,금천구,11545510,가산동,1154510100,가산동,1154510100104590021,1,대지,459.0,21.0,서울특별시 금천구 가산동 459-21,115453117002,서울특별시 금천구 가산디지털2로,169.0,23.0,1154510100104590021014416,,서울특별시 금천구 가산디지털2로 169-23,153803,8504,,1,,126.87673895376,37.4822117747953
MA0101202501A0067753,지에스25S9국회의,사당역점,G2,소매,G204,종합 소매,G20405,편의점,G47122,체인화 편의점,11,서울특별시,11560,영등포구,11560540,여의동,1156011000,여의도동,1156011000100010006,1,대지,1.0,6.0,서울특별시 영등포구 여의도동 1-6,115602005008,서울특별시 영등포구 국회대로,758.0,,1156011000100010006000001,지하철역사내,서울특별시 영등포구 국회대로 758,150010,7236,,,,126.917877506809,37.528063639434
MA0101202501A0038646,세븐일레븐가산용주점,,G2,소매,G204,종합 소매,G20405,편의점,G47122,체인화 편의점,11,서울특별시,11545,금천구,11545510,가산동,1154510100,가산동,1154510100102380084,1,대지,238.0,84.0,서울특별시 금천구 가산동 238-84,115454151222,서울특별시 금천구 벚꽃로24길,14.0,,1154510100102380084018118,명칭없음,서울특별시 금천구 벚꽃로24길 14,153801,8518,,1,,126.887198856285,37.4736265977163
MA0101202411A0013226,세븐일레븐여의1호,,G2,소매,G204,종합 소매,G20405,편의점,G46103,섬유; 의복; 신발 및 가죽제품 중개업,11,서울특별시,11560,영등포구,11560540,여의동,1156011000,여의도동,1156011000100410001,1,대지,41.0,1.0,서울특별시 영등포구 여의도동 41-1,115604154066,서울특별시 영등포구 국제금융로7길,22.0,,1156011000100410001031304,,서울특별시 영등포구 국제금융로7길 22,150889,7340,,,,126.933075433431,37.5232438585187
MA0101202411A0033037,씨유가산승리점,,G2,소매,G204,종합 소매,G20405,편의점,G47122,체인화 편의점,11,서울특별시,11545,금천구,11545510,가산동,1154510100,가산동,1154510100105500009,1,대지,550.0,9.0,서울특별시 금천구 가산동 550-9,115453000026,서울특별시 금천구 디지털로,121.0,,1154510100105500009015661,에이스가산타워,서울특별시 금천구 디지털로 121,153803,8505,,1,,126.880095323367,37.4761334192738
MA0101202504A0004925,씨유순복음,드림점,G2,소매,G204,종합 소매,G20405,편의점,G47122,체인화 편의점,11,서울특별시,11560,영등포구,11560540,여의동,1156011000,여의도동,1156011000100120003,1,대지,12.0,3.0,서울특별시 영등포구 여의도동 12-3,115603118025,서울특별시 영등포구 은행로,54.0,,1156011000100120003031043,,서울특별시 영등포구 은행로 54,150869,7241,,1,,126.924539267631,37.5297619666348
MA0101202503A0011948,세븐일레븐가산대륭점,,G2,소매,G204,종합 소매,G20405,편의점,G46103,섬유; 의복; 신발 및 가죽제품 중개업,11,서울특별시,11545,금천구,11545510,가산동,1154510100,가산동,1154510100103270032,1,대지,327.0,32.0,서울특별시 금천구 가산동 327-32,115453117002,서울특별시 금천구 가산디지털2로,14.0,,1154510100103270033000001,,서울특별시 금천구 가산디지털2로 14,153778,8592,,,,126.884254346004,37.4696773263929
MA0101202503A0026524,세븐일레븐여의도시범아파트,,G2,소매,G204,종합 소매,G20405,편의점,G46103,섬유; 의복; 신발 및 가죽제품 중개업,11,서울특별시,11560,영등포구,11560540,여의동,1156011000,여의도동,1156011000100500000,1,대지,50.0,,서울특별시 영등포구 여의도동 50,115603118001,서울특별시 영등포구 63로,45.0,,1156011000100500000031272,시범아파트,서울특별시 영등포구 63로 45,150761,7344,,1,,126.937851766413,37.5202641496011
MA0101202504A0006203,씨유가산호서대벤처,타워점,G2,소매,G204,종합 소매,G20405,편의점,G47122,체인화 편의점,11,서울특별시,11545,금천구,11545510,가산동,1154510100,가산동,1154510100103190000,1,대지,319.0,,서울특별시 금천구 가산동 319,115453117001,서울특별시 금천구 가산디지털1로,70.0,,1154510100103190000000001,호서대벤처타워,서울특별시 금천구 가산디지털1로 70,153711,8590,,1,,126.88611557557,37.4723100843166
MA0101202502A0112235,이마트24여의도파크점,,G2,소매,G204,종합 소매,G20405,편의점,G47122,체인화 편의점,11,서울특별시,11560,영등포구,11560540,여의동,1156011000,여의도동,1156011000100170000,1,대지,17.0,,서울특별시 영등포구 여의도동 17,115602118002,서울특별시 영등포구 의사당대로,38.0,,1156011000100170000031660,여의도더샵아일랜드파크,서울특별시 영등포구 의사당대로 38,150916,7236,,1,,126.91913624657,37.5253074424508
MA0101202505A0022753,씨유한강버스여의도선착장점,,G2,소매,G204,종합 소매,G20405,편의점,G47122,체인화 편의점,11,서울특별시,11560,영등포구,11560540,여의동,1156011000,여의도동,1156011000100850001,1,대지,85.0,1.0,서울특별시 영등포구 여의도동 85-1,115603118020,서울특별시 영등포구 여의동로,338.0,,1156011000100850001000001,한강버스여의도선착장,서울특별시 영등포구 여의동로 338,150897,7337,,,,126.935084539254,37.5284527715613
MA0101202502A0025170,씨유가산DK점,,G2,소매,G204,종합 소매,G20405,편의점,G47122,체인화 편의점,11,서울특별시,11545,금천구,11545510,가산동,1154510100,가산동,1154510100104590014,1,대지,459.0,14.0,서울특별시 금천구 가산동 459-14,115453117002,서울특별시 금천구 가산디지털2로,144.0,,1154510100104590014014467,,서울특별시 금천구 가산디지털2로 144,153803,8503,,1,,126.879431869341,37.4809531416799
MA0101202502A0045110,젠케이,,G2,소매,G204,종합 소매,G20405,편의점,G47122,체인화 편의점,11,서울특별시,11560,영등포구,11560540,여의동,1156011000,여의도동,1156011000100250000,1,대지,25.0,,서울특별시 영등포구 여의도동 25,115604154064,서울특별시 영등포구 국제금융로2길,17.0,,1156011000100250000031248,,서울특별시 영등포구 국제금융로2길 17,150878,7327,,7,,126.92602695195,37.5240685763626
MA0106202301A0422337,GS25여의도IFC몰,,G2,소매,G204,종합 소매,G20405,편의점,G47121,슈퍼마켓,11,서울특별시,11560,영등포구,11560540,여의동,1156011000,여의도동,1156011000100230000,1,대지,23.0,,서울특별시 영등포구 여의도동 23,115603118002,서울특별시 영등포구 국제금융로,10.0,,1156011000100230000000001,,서울특별시 영등포구 국제금융로 10,150945,7326,,,,126.924883260731,37.5251850971787
MA0106202306A0361903,세븐일레븐아라호점,,G2,소매,G204,종합 소매,G20405,편의점,G47121,슈퍼마켓,11,서울특별시,11560,영등포구,11560540,여의동,1156011000,여의도동,1156011000100850001,1,대지,85.0,1.0,서울특별시 영등포구 여의도동 85-1,115603118020,서울특별시 영등포구 여의동로,338.0,,1156011000100850001000001,,서울특별시 영등포구 여의동로 338,150897,7337,,,,126.935084539254,37.5284527715613
MA0106202302A2221408,세븐일레븐여의도공원점,,G2,소매,G204,종합 소매,G20405,편의점,G47121,슈퍼마켓,11,서울특별시,11560,영등포구,11560540,여의동,1156011000,여의도동,1156011000100020000,1,대지,2.0,,서울특별시 영등포구 여의도동 2,115603118018,서울특별시 영등포구 여의공원로,68.0,,1156011000100020000000003,,서울특별시 영등포구 여의공원로 68,150010,7243,,,,126.92229095813,37.5268052234685
MA0106202303A2228432,GS25여의더하우스,,G2,소매,G204,종합 소매,G20405,편의점,G47121,슈퍼마켓,11,서울특별시,11560,영등포구,11560540,여의동,1156011000,여의도동,1156011000100170009,1,대지,17.0,9.0,서울특별시 영등포구 여의도동 17-9,115602118002,서울특별시 영등포구 의사당대로,26.0,,1156011000100170009031183,,서울특별시 영등포구 의사당대로 26,150874,7236,,,,126.918105445019,37.5265320948017
MA0106202303A2209535,세븐일레븐여의도공원점,,G2,소매,G204,종합 소매,G20405,편의점,G47121,슈퍼마켓,11,서울특별시,11560,영등포구,11560540,여의동,1156011000,여의도동,1156011000100020000,1,대지,2.0,,서울특별시 영등포구 여의도동 2,115603118018,서울특별시 영등포구 여의공원로,68.0,,1156011000100020000000003,,서울특별시 영등포구 여의공원로 68,150010,7243,,,,126.92229095813,37.5268052234685
MA0106202509A0138737,GS25가산LG,센터점,G2,소매,G204,종합 소매,G20405,편의점,I56111,한식 일반 음식점업,11,서울특별시,11545,금천구,11545510,가산동,1154510100,가산동,1154510100104590009,1,대지,459.0,9.0,서울특별시 금천구 가산동 459-9,115453117001,서울특별시 금천구 가산디지털1로,189.0,,1154510100104590009000001,,서울특별시 금천구 가산디지털1로 189,153803,8503,,,,126.879701293748,37.4821517575096
MA0106202307A0557162,GS25가산엘리시아,,G2,소매,G204,종합 소매,G20405,편의점,G47859,그 외 기타 분류 안된 상품 전문 소매업,11,서울특별시,11545,금천구,11545510,가산동,1154510100,가산동,1154510100100600069,1,대지,60.0,69.0,서울특별시 금천구 가산동 60-69,115453000026,서울특별시 금천구 디지털로,173.0,,1154510100100600069014588,,서울특별시 금천구 디지털로 173,153801,8511,,,,126.88606176696,37.4779683718496
MA0106202311A1647732,지에스GS25가산KS점,,G2,소매,G204,종합 소매,G20405,편의점,G47121,슈퍼마켓,11,서울특별시,11545,금천구,11545510,가산동,1154510100,가산동,1154510100100600014,1,대지,60.0,14.0,서울특별시 금천구 가산동 60-14,115454151380,서울특별시 금천구 벚꽃로36길,30.0,,1154510100100600014015748,,서울특별시 금천구 벚꽃로36길 30,153801,8511,,,,126.885107846294,37.4807425552625
MA0106202308A0556341,GS25가산엘리시아,,G2,소매,G204,종합 소매,G20405,편의점,G47121,슈퍼마켓,11,서울특별시,11545,금천구,11545510,가산동,1154510100,가산동,1154510100100600069,1,대지,60.0,69.0,서울특별시 금천구 가산동 60-69,115453000026,서울특별시 금천구 디지털로,173.0,,1154510100100600069014588,,서울특별시 금천구 디지털로 173,153801,8511,,,,126.88606176696,37.4779683718496
MA0106202406A0133819,GS25가산골드타워,,G2,소매,G204,종합 소매,G20405,편의점,G47121,슈퍼마켓,11,서울특별시,11545,금천구,11545510,가산동,1154510100,가산동,1154510100103450002,1,대지,345.0,2.0,서울특별시 금천구 가산동 345-2,115453117001,서울특별시 금천구 가산디지털1로,100.0,,1154510100103450002015692,,서울특별시 금천구 가산디지털1로 100,153802,8590,,,,126.884913526495,37.4747506559539
MA0106202406A2114528,지에스GS25가산테라타워,,G2,소매,G204,종합 소매,G20405,편의점,G47121,슈퍼마켓,11,서울특별시,11545,금천구,11545510,가산동,1154510100,가산동,1154510100102190005,1,대지,219.0,5.0,서울특별시 금천구 가산동 219-5,115454151192,서울특별시 금천구 디지털로10길,78.0,,1154510100102190005016815,,서울특별시 금천구 디지털로10길 78,153801,8517,,,,126.889729831702,37.4745390065155
MA0106202406A0631712,GS25S9샛강역점,,G2,소매,G204,종합 소매,G20405,편의점,G47121,슈퍼마켓,11,서울특별시,11560,영등포구,11560540,여의동,1156011000,여의도동,1156011000100050006,1,대지,5.0,6.0,서울특별시 영등포구 여의도동 5-6,115602118002,서울특별시 영등포구 의사당대로,166.0,,1156011000100050006000001,,서울특별시 영등포구 의사당대로 166,150913,7324,,,,126.929077081951,37.516628163941
MA0106202406A2232106,GS25S9여의도역점,,G2,소매,G204,종합 소매,G20405,편의점,G47121,슈퍼마켓,11,서울특별시,11560,영등포구,11560540,여의동,1156011000,여의도동,1156011000100020006,1,대지,2.0,6.0,서울특별시 영등포구 여의도동 2-6,115602118002,서울특별시 영등포구 의사당대로,101.0,,1156011000100020006000001,,서울특별시 영등포구 의사당대로 101,150010,7327,,,,126.923970255956,37.5219048645257
MA0106202411A0760450,GS25가산태세라점,,G2,소매,G204,종합 소매,G20405,편의점,G47121,슈퍼마켓,11,서울특별시,11545,금천구,11545510,가산동,1154510100,가산동,1154510100103450025,1,대지,345.0,25.0,서울특별시 금천구 가산동 345-25,115453117002,서울특별시 금천구 가산디지털2로,46.0,,1154510100103450025015263,,서울특별시 금천구 가산디지털2로 46,153802,8589,,,,126.882712179401,37.4727302297602
MA0106202201A0123502,씨유여의도KBS점,,G2,소매,G204,종합 소매,G20405,편의점,G47121,슈퍼마켓,11,서울특별시,11560,영등포구,11560540,여의동,1156011000,여의도동,1156011000100180000,1,대지,18.0,,서울특별시 영등포구 여의도동 18,115603118018,서울특별시 영등포구 여의공원로,13.0,,1156011000100180000031200,,서울특별시 영등포구 여의공원로 13,150790,7235,,,,126.916714572678,37.5259725010096
MA0106202201A2136213,GS25여의태흥점,,G2,소매,G204,종합 소매,G20405,편의점,G47121,슈퍼마켓,11,서울특별시,11560,영등포구,11560540,여의동,1156011000,여의도동,1156011000100170003,1,대지,17.0,3.0,서울특별시 영등포구 여의도동 17-3,115602118002,서울특별시 영등포구 의사당대로,8.0,,1156011000100170003031045,,서울특별시 영등포구 의사당대로 8,150874,7236,,,,126.916904782729,37.5278737487068
MA0106202509A1052591,씨유마리오,아울렛점,G2,소매,G204,종합 소매,G20405,편의점,G47121,슈퍼마켓,11,서울특별시,11545,금천구,11545510,가산동,1154510100,가산동,1154510100100600020,1,대지,60.0,20.0,서울특별시 금천구 가산동 60-20,115453116013,서울특별시 금천구 벚꽃로,266.0,,1154510100100600020014060,,서울특별시 금천구 벚꽃로 266,153717,8511,,,,126.885088752551,37.4784449643288
MA0101202505A0038453,씨유BNK금융,타워점,G2,소매,G204,종합 소매,G20405,편의점,G47122,체인화 편의점,11,서울특별시,11560,영등포구,11560540,여의동,1156011000,여의도동,1156011000100230010,1,대지,23.0,10.0,서울특별시 영등포구 여의도동 23-10,115604154064,서울특별시 영등포구 국제금융로2길,24.0,,1156011000100230010037729,NK금융타워,서울특별시 영등포구 국제금융로2길 24,150734,7325,,B1,,126.924838886523,37.5243110968727
MA0106202510A1287381,GS25가산아스크,,G2,소매,G204,종합 소매,G20405,편의점,G47121,슈퍼마켓,11,서울특별시,11545,금천구,11545510,가산동,1154510100,가산동,1154510100100600009,1,대지,60.0,9.0,서울특별시 금천구 가산동 60-9,115454151192,서울특별시 금천구 디지털로10길,37.0,,1154510100100600009015747,,서울특별시 금천구 디지털로10길 37,153801,8514,,,,126.889771823316,37.4767375086637
MA0106202510A0993435,씨유여의동산점,,G2,소매,G204,종합 소매,G20405,편의점,G47121,슈퍼마켓,11,서울특별시,11560,영등포구,11560540,여의동,1156011000,여의도동,1156011000100410002,1,대지,41.0,2.0,서울특별시 영등포구 여의도동 41-2,115603118028,서울특별시 영등포구 여의대방로,417.0,,1156011000100410002031425,,서울특별시 영등포구 여의대방로 417,150889,7340,,,,126.934321723502,37.521055121863
MA0106202510A0807485,씨유가산원룸점,,G2,소매,G204,종합 소매,G20405,편의점,G47121,슈퍼마켓,11,서울특별시,11545,금천구,11545510,가산동,1154510100,가산동,1154510100101470007,1,대지,147.0,7.0,서울특별시 금천구 가산동 147-7,115454151284,서울특별시 금천구 시흥대로153길,42.0,,1154510100101470007018202,,서울특별시 금천구 시흥대로153길 42,153801,8529,,,,126.896090926089,37.4772027494222
MA0106202510A2378731,세븐일레븐여의,태영점,G2,소매,G204,종합 소매,G20405,편의점,G47121,슈퍼마켓,11,서울특별시,11560,영등포구,11560540,여의동,1156011000,여의도동,1156011000100100002,1,대지,10.0,2.0,서울특별시 영등포구 여의도동 10-2,115603118018,서울특별시 영등포구 여의공원로,111.0,,1156011000100100004000001,,서울특별시 영등포구 여의공원로 111,150777,7241,,,,126.925772406281,37.5297897781576
MA0106202511A2471341,세븐일레븐금천,에이스점,G2,소매,G204,종합 소매,G20405,편의점,G47121,슈퍼마켓,11,서울특별시,11545,금천구,11545510,가산동,1154510100,가산동,1154510100106600000,1,대지,660.0,,서울특별시 금천구 가산동 660,115453117001,서울특별시 금천구 가산디지털1로,30.0,,1154510100106600000017241,,서울특별시 금천구 가산디지털1로 30,153803,8591,,,,126.887500023525,37.4687974708553
MA0106202511A2327686,세븐일레븐가산어반워크점,,G2,소매,G204,종합 소매,G20405,편의점,G47121,슈퍼마켓,11,서울특별시,11545,금천구,11545510,가산동,1154510100,가산동,1154510100104520001,1,대지,452.0,1.0,서울특별시 금천구 가산동 452-1,115453117002,서울특별시 금천구 가산디지털2로,143.0,,1154510100104520001000002,,서울특별시 금천구 가산디지털2로 143,153803,8504,,,,126.8777817121,37.4806270832061
MA0106202509A1689304,GS25가산KM,타워점,G2,소매,G204,종합 소매,G20405,편의점,G47121,슈퍼마켓,11,서울특별시,11545,금천구,11545510,가산동,1154510100,가산동,1154510100105500007,1,대지,550.0,7.0,서울특별시 금천구 가산동 550-7,115453117002,서울특별시 금천구 가산디지털2로,95.0,,1154510100105500007015790,,서울특별시 금천구 가산디지털2로 95,153803,8505,,,,126.879868682947,37.4764665624822
